Datetimetry,,,,,,,,
2024-02-13 12,,,,,,,,
2024-02-13 13,,,,,,,,
2024-02-13 19,,,,,,,,
2024-02-13 20,,,,,,,,
2024-02-14 01,,,,,,,,
2024-02-14 02,,,,,,,,
2024-02-14 04,,,,,,,,
2024-02-14 05,,,,,,,,
2024-02-14 09,,,,,,,,
2024-02-14 10,,,,,,,,
2024-02-14 15,,,,,,,,
2024-02-14 16,,,,,,,,
2024-02-15 01,,,,,,,,
2024-02-15 02,,,,,,,,
2024-02-15 04,,,,,,,,
2024-02-15 05,,,,,,,,
2024-02-15 13,,,,,,,,
2024-02-15 14,,,,,,,,
2024-02-15 18,,,,,,,,
2024-02-15 19,,,,,,,,
2024-02-15 21,,,,,,,,
2024-02-15 22,,,,,,,,
2024-02-16 08,,,,,,,,
2024-02-16 09,,,,,,,,
2024-02-16 14,,,,,,,,
2024-02-16 15,,,,,,,,
2024-02-19 03,,,,,,,,
2024-02-19 04,,,,,,,,
2024-02-19 09,,,,,,,,
2024-02-19 10,,,,,,,,
2024-02-19 13,,,,,,,,
2024-02-19 14,,,,,,,,
2024-02-19 21,,,,,,,,
2024-02-19 22,,,,,,,,
2024-02-20 01,,,,,,,,
2024-02-20 02,,,,,,,,
2024-02-20 08,,,,,,,,
2024-02-20 09,,,,,,,,
2024-02-20 11,,,,,,,,
2024-02-20 12,,,,,,,,
2024-02-20 19,,,,,,,,
2024-02-20 20,,,,,,,,
2024-02-20 22,,,,,,,,
2024-02-20 23,,,,,,,,
2024-02-21 02,,,,,,,,
2024-02-21 03,,,,,,,,
2024-02-21 09,,,,,,,,
2024-02-21 10,,,,,,,,
2024-02-21 12,,,,,,,,
2024-02-21 13,,,,,,,,
2024-02-21 20,,,,,,,,
2024-02-21 21,,,,,,,,
2024-02-22 04,,,,,,,,
2024-02-22 05,,,,,,,,
2024-02-22 15,,,,,,,,
2024-02-22 16,,,,,,,,
2024-02-22 22,,,,,,,,
2024-02-22 23,,,,,,,,
2024-02-23 06,,,,,,,,
2024-02-23 07,,,,,,,,
2024-02-23 16,,,,,,,,
2024-02-23 17,,,,,,,,
2024-02-26 00,,,,,,,,
2024-02-26 01,,,,,,,,
2024-02-26 03,,,,,,,,
2024-02-26 04,,,,,,,,
2024-02-26 17,,,,,,,,
2024-02-26 18,,,,,,,,
2024-02-27 03,,,,,,,,
2024-02-27 04,,,,,,,,
2024-02-27 10,,,,,,,,
2024-02-27 11,,,,,,,,
2024-02-27 12,,,,,,,,
2024-02-27 13,,,,,,,,
2024-02-28 01,,,,,,,,
2024-02-28 02,,,,,,,,
2024-02-28 09,,,,,,,,
2024-02-28 10,,,,,,,,
2024-02-28 21,,,,,,,,
2024-02-28 22,,,,,,,,
2024-02-29 07,,,,,,,,
2024-02-29 08,,,,,,,,
2024-02-29 15,,,,,,,,
2024-02-29 16,,,,,,,,
2024-02-29 18,,,,,,,,
2024-02-29 19,,,,,,,,
2024-03-01 06,,,,,,,,
2024-03-01 07,,,,,,,,
2024-03-01 10,,,,,,,,
2024-03-01 11,,,,,,,,
2024-03-01 14,,,,,,,,
2024-03-01 15,,,,,,,,
2024-03-04 00,,,,,,,,
2024-03-04 01,,,,,,,,
2024-03-04 08,,,,,,,,
2024-03-04 09,,,,,,,,
2024-03-04 22,,,,,,,,
2024-03-04 23,,,,,,,,
2024-03-05 07,,,,,,,,
2024-03-05 08,,,,,,,,
2024-03-05 13,,,,,,,,
2024-03-05 14,,,,,,,,
2024-03-05 19,,,,,,,,
2024-03-05 20,,,,,,,,
2024-03-05 22,,,,,,,,
2024-03-05 23,,,,,,,,
2024-03-06 07,,,,,,,,
2024-03-06 08,,,,,,,,
2024-03-06 13,,,,,,,,
2024-03-06 14,,,,,,,,
2024-03-06 18,,,,,,,,
2024-03-06 19,,,,,,,,
2024-03-07 01,,,,,,,,
2024-03-07 02,,,,,,,,
2024-03-07 08,,,,,,,,
2024-03-07 09,,,,,,,,
2024-03-07 13,,,,,,,,
2024-03-07 14,,,,,,,,
2024-03-08 00,,,,,,,,
2024-03-08 01,,,,,,,,
2024-03-08 09,,,,,,,,
2024-03-08 10,,,,,,,,
2024-03-08 18,,,,,,,,
2024-03-08 19,,,,,,,,
2024-03-11 00,,,,,,,,
2024-03-11 01,,,,,,,,
2024-03-11 04,,,,,,,,
2024-03-11 05,,,,,,,,
2024-03-11 09,,,,,,,,
2024-03-11 10,,,,,,,,
2024-03-11 15,,,,,,,,
2024-03-11 16,,,,,,,,
2024-03-11 23,,,,,,,,
2024-03-12 00,,,,,,,,
2024-03-12 08,,,,,,,,
2024-03-12 09,,,,,,,,
2024-03-12 12,,,,,,,,
2024-03-12 13,,,,,,,,
2024-03-12 16,,,,,,,,
2024-03-12 17,,,,,,,,
2024-03-12 20,,,,,,,,
2024-03-12 21,,,,,,,,
2024-03-13 00,,,,,,,,
2024-03-13 01,,,,,,,,
2024-03-13 07,,,,,,,,
2024-03-13 08,,,,,,,,
2024-03-13 16,,,,,,,,
2024-03-13 17,,,,,,,,
2024-03-13 20,,,,,,,,
2024-03-13 21,,,,,,,,
2024-03-14 00,,,,,,,,
2024-03-14 01,,,,,,,,
2024-03-14 13,,,,,,,,
2024-03-14 14,,,,,,,,
2024-03-14 22,,,,,,,,
2024-03-14 23,,,,,,,,
2024-03-15 06,,,,,,,,
2024-03-15 07,,,,,,,,
2024-03-15 11,,,,,,,,
2024-03-15 12,,,,,,,,
2024-03-15 17,,,,,,,,
2024-03-15 18,,,,,,,,
2024-03-15 20,,,,,,,,
2024-03-18 00,,,,,,,,
2024-03-18 10,,,,,,,,
2024-03-18 11,,,,,,,,
2024-03-18 17,,,,,,,,
2024-03-18 18,,,,,,,,
2024-03-18 22,,,,,,,,
2024-03-18 23,,,,,,,,
2024-03-19 02,,,,,,,,
2024-03-19 03,,,,,,,,
2024-03-19 07,,,,,,,,
2024-03-19 08,,,,,,,,
2024-03-19 21,,,,,,,,
2024-03-19 22,,,,,,,,
2024-03-20 08,,,,,,,,
2024-03-20 09,,,,,,,,
2024-03-20 11,,,,,,,,
2024-03-20 12,,,,,,,,
2024-03-20 18,,,,,,,,
2024-03-20 19,,,,,,,,
2024-03-21 01,,,,,,,,
2024-03-21 02,,,,,,,,
2024-03-21 12,,,,,,,,
2024-03-21 13,,,,,,,,
2024-03-21 15,,,,,,,,
2024-03-21 16,,,,,,,,
2024-03-21 20,,,,,,,,
2024-03-21 21,,,,,,,,
2024-03-22 08,,,,,,,,
2024-03-22 09,,,,,,,,
2024-03-22 11,,,,,,,,
2024-03-22 12,,,,,,,,
2024-03-22 17,,,,,,,,
2024-03-22 18,,,,,,,,
2024-03-25 00,,,,,,,,
2024-03-25 01,,,,,,,,
2024-03-25 07,,,,,,,,
2024-03-25 08,,,,,,,,
2024-03-26 00,,,,,,,,
2024-03-26 01,,,,,,,,
2024-03-26 08,,,,,,,,
2024-03-26 09,,,,,,,,
2024-03-26 14,,,,,,,,
2024-03-26 15,,,,,,,,
2024-03-26 21,,,,,,,,
2024-03-26 22,,,,,,,,
2024-03-27 00,,,,,,,,
2024-03-27 01,,,,,,,,
2024-03-27 11,,,,,,,,
2024-03-27 12,,,,,,,,
2024-03-27 23,,,,,,,,
2024-03-28 00,,,,,,,,
2024-03-28 09,,,,,,,,
2024-03-28 10,,,,,,,,
2024-03-28 14,,,,,,,,
2024-03-28 15,,,,,,,,
2024-03-28 18,,,,,,,,
2024-03-28 19,,,,,,,,
2024-03-29 02,,,,,,,,
2024-03-29 03,,,,,,,,
2024-03-29 04,,,,,,,,
2024-03-29 05,,,,,,,,
2024-03-29 11,,,,,,,,
2024-03-29 12,,,,,,,,
2024-03-29 19,,,,,,,,
2024-03-29 20,,,,,,,,
2024-04-01 01,,,,,,,,
2024-04-01 02,,,,,,,,
2024-04-01 10,,,,,,,,
2024-04-01 11,,,,,,,,
2024-04-01 18,,,,,,,,
2024-04-01 19,,,,,,,,
2024-04-01 23,,,,,,,,
2024-04-02 00,,,,,,,,
2024-04-02 05,,,,,,,,
2024-04-02 06,,,,,,,,
2024-04-02 13,,,,,,,,
2024-04-02 14,,,,,,,,
2024-04-03 00,,,,,,,,
2024-04-03 01,,,,,,,,
2024-04-03 07,,,,,,,,
2024-04-03 08,,,,,,,,
2024-04-03 20,,,,,,,,
2024-04-03 21,,,,,,,,
2024-04-04 05,,,,,,,,
2024-04-04 06,,,,,,,,
2024-04-04 11,,,,,,,,
2024-04-04 12,,,,,,,,
2024-04-04 19,,,,,,,,
2024-04-04 20,,,,,,,,
2024-04-05 01,,,,,,,,
2024-04-05 02,,,,,,,,
2024-04-05 05,,,,,,,,
2024-04-05 06,,,,,,,,
2024-04-05 13,,,,,,,,
2024-04-05 14,,,,,,,,
2024-04-08 00,,,,,,,,
2024-04-08 01,,,,,,,,
2024-04-08 06,,,,,,,,
2024-04-08 07,,,,,,,,
2024-04-08 11,,,,,,,,
2024-04-08 12,,,,,,,,
2024-04-08 21,,,,,,,,
2024-04-08 22,,,,,,,,
2024-04-09 03,,,,,,,,
2024-04-09 04,,,,,,,,
2024-04-09 07,,,,,,,,
2024-04-09 08,,,,,,,,
2024-04-09 17,,,,,,,,
2024-04-09 18,,,,,,,,
2024-04-10 00,,,,,,,,
2024-04-10 01,,,,,,,,
2024-04-10 12,,,,,,,,
2024-04-10 13,,,,,,,,
2024-04-10 16,,,,,,,,
2024-04-10 17,,,,,,,,
2024-04-11 00,,,,,,,,
2024-04-11 01,,,,,,,,
2024-04-11 10,,,,,,,,
2024-04-11 11,,,,,,,,
2024-04-11 14,,,,,,,,
2024-04-11 15,,,,,,,,
2024-04-12 00,,,,,,,,
2024-04-12 01,,,,,,,,
2024-04-12 14,,,,,,,,
2024-04-12 15,,,,,,,,
2024-04-15 14,,,,,,,,
2024-04-15 15,,,,,,,,
2024-04-15 18,,,,,,,,
2024-04-15 19,,,,,,,,
2024-04-16 02,,,,,,,,
2024-04-16 03,,,,,,,,
2024-04-16 05,,,,,,,,
2024-04-16 06,,,,,,,,
2024-04-16 13,,,,,,,,
2024-04-16 14,,,,,,,,
2024-04-16 16,,,,,,,,
2024-04-16 17,,,,,,,,
2024-04-16 21,,,,,,,,
2024-04-16 22,,,,,,,,
2024-04-17 05,,,,,,,,
2024-04-17 06,,,,,,,,
2024-04-17 16,,,,,,,,
2024-04-17 17,,,,,,,,
2024-04-18 01,,,,,,,,
2024-04-18 02,,,,,,,,
2024-04-18 06,,,,,,,,
2024-04-18 07,,,,,,,,
2024-04-18 12,,,,,,,,
2024-04-18 13,,,,,,,,
2024-04-18 18,,,,,,,,
2024-04-18 19,,,,,,,,
2024-04-19 02,,,,,,,,
2024-04-19 03,,,,,,,,
2024-04-19 05,,,,,,,,
2024-04-19 06,,,,,,,,
2024-04-19 18,,,,,,,,
2024-04-19 19,,,,,,,,
2024-04-22 07,,,,,,,,
2024-04-22 08,,,,,,,,
2024-04-22 13,,,,,,,,
2024-04-22 14,,,,,,,,
2024-04-22 20,,,,,,,,
2024-04-22 21,,,,,,,,
2024-04-23 01,,,,,,,,
2024-04-23 02,,,,,,,,
2024-04-23 01,,,,,,,,
2024-04-23 02,,,,,,,,
2024-04-23 06,,,,,,,,
2024-04-23 07,,,,,,,,
2024-04-23 10,,,,,,,,
2024-04-23 11,,,,,,,,
2024-04-23 21,,,,,,,,
2024-04-23 22,,,,,,,,
2024-04-24 08,,,,,,,,
2024-04-24 09,,,,,,,,
2024-04-24 11,,,,,,,,
2024-04-24 12,,,,,,,,
2024-04-24 22,,,,,,,,
2024-04-24 23,,,,,,,,
2024-04-25 13,,,,,,,,
2024-04-25 14,,,,,,,,
2024-04-25 21,,,,,,,,
2024-04-25 22,,,,,,,,
2024-04-26 02,,,,,,,,
2024-04-26 03,,,,,,,,
2024-04-26 07,,,,,,,,
2024-04-26 08,,,,,,,,
2024-04-26 11,,,,,,,,
2024-04-26 12,,,,,,,,
2024-04-26 14,,,,,,,,
2024-04-26 15,,,,,,,,
2024-04-29 07,,,,,,,,
2024-04-29 08,,,,,,,,
2024-04-29 16,,,,,,,,
2024-04-29 17,,,,,,,,
2024-04-29 21,,,,,,,,
2024-04-29 22,,,,,,,,
2024-04-30 06,,,,,,,,
2024-04-30 07,,,,,,,,
2024-04-30 11,,,,,,,,
2024-04-30 12,,,,,,,,
2024-04-30 16,,,,,,,,
2024-04-30 17,,,,,,,,
2024-04-30 21,,,,,,,,
2024-04-30 22,,,,,,,,
2024-05-01 00,,,,,,,,
2024-05-01 01,,,,,,,,
2024-05-01 04,,,,,,,,
2024-05-01 05,,,,,,,,
2024-05-01 13,,,,,,,,
2024-05-01 14,,,,,,,,
2024-05-01 20,,,,,,,,
2024-05-01 21,,,,,,,,
2024-05-02 15,,,,,,,,
2024-05-02 16,,,,,,,,
2024-05-02 18,,,,,,,,
2024-05-02 19,,,,,,,,
2024-05-02 23,,,,,,,,
2024-05-03 00,,,,,,,,
2024-05-03 04,,,,,,,,
2024-05-03 05,,,,,,,,
2024-05-03 13,,,,,,,,
2024-05-03 14,,,,,,,,
2024-05-03 19,,,,,,,,
2024-05-03 20,,,,,,,,
2024-05-06 06,,,,,,,,
2024-05-06 07,,,,,,,,
2024-05-06 12,,,,,,,,
2024-05-06 13,,,,,,,,
2024-05-06 16,,,,,,,,
2024-05-06 17,,,,,,,,
2024-05-06 20,,,,,,,,
2024-05-06 21,,,,,,,,
2024-05-07 07,,,,,,,,
2024-05-07 08,,,,,,,,
2024-05-07 17,,,,,,,,
2024-05-07 18,,,,,,,,
2024-05-07 21,,,,,,,,
2024-05-07 22,,,,,,,,
2024-05-08 03,,,,,,,,
2024-05-08 04,,,,,,,,
2024-05-08 07,,,,,,,,
2024-05-08 08,,,,,,,,
2024-05-08 20,,,,,,,,
2024-05-08 21,,,,,,,,
2024-05-08 23,,,,,,,,
2024-05-09 00,,,,,,,,
2024-05-09 04,,,,,,,,
2024-05-09 05,,,,,,,,
2024-05-09 11,,,,,,,,
2024-05-09 12,,,,,,,,
2024-05-09 19,,,,,,,,
2024-05-09 20,,,,,,,,
2024-05-09 22,,,,,,,,
2024-05-09 23,,,,,,,,
2024-05-10 05,,,,,,,,
2024-05-10 06,,,,,,,,
2024-05-10 14,,,,,,,,
2024-05-10 15,,,,,,,,
2024-05-13 01,,,,,,,,
2024-05-13 02,,,,,,,,
2024-05-13 06,,,,,,,,
2024-05-13 07,,,,,,,,
2024-05-13 21,,,,,,,,
2024-05-13 22,,,,,,,,
2024-05-14 08,,,,,,,,
2024-05-14 09,,,,,,,,
2024-05-14 21,,,,,,,,
2024-05-14 22,,,,,,,,
2024-05-15 00,,,,,,,,
2024-05-15 01,,,,,,,,
2024-05-15 08,,,,,,,,
2024-05-15 09,,,,,,,,
2024-05-15 12,,,,,,,,
2024-05-15 13,,,,,,,,
2024-05-15 15,,,,,,,,
2024-05-15 16,,,,,,,,
2024-05-16 00,,,,,,,,
2024-05-16 01,,,,,,,,
2024-05-16 04,,,,,,,,
2024-05-16 05,,,,,,,,
2024-05-16 11,,,,,,,,
2024-05-16 12,,,,,,,,
2024-05-16 21,,,,,,,,
2024-05-16 22,,,,,,,,
2024-05-17 06,,,,,,,,
2024-05-17 07,,,,,,,,
2024-05-17 10,,,,,,,,
2024-05-17 11,,,,,,,,
2024-05-17 20,,,,,,,,
2024-05-20 00,,,,,,,,
2024-05-20 07,,,,,,,,
2024-05-20 08,,,,,,,,
2024-05-20 21,,,,,,,,
2024-05-20 22,,,,,,,,
2024-05-21 02,,,,,,,,
2024-05-21 03,,,,,,,,
2024-05-21 07,,,,,,,,
2024-05-21 08,,,,,,,,
2024-05-21 13,,,,,,,,
2024-05-21 14,,,,,,,,
2024-05-21 21,,,,,,,,
2024-05-21 22,,,,,,,,
2024-05-22 05,,,,,,,,
2024-05-22 06,,,,,,,,
2024-05-22 11,,,,,,,,
2024-05-22 12,,,,,,,,
2024-05-22 14,,,,,,,,
2024-05-22 15,,,,,,,,
2024-05-22 18,,,,,,,,
2024-05-22 19,,,,,,,,
2024-05-23 06,,,,,,,,
2024-05-23 07,,,,,,,,
2024-05-23 14,,,,,,,,
2024-05-23 15,,,,,,,,
2024-05-23 18,,,,,,,,
2024-05-23 19,,,,,,,,
2024-05-23 23,,,,,,,,
2024-05-24 00,,,,,,,,
2024-05-24 06,,,,,,,,
2024-05-24 07,,,,,,,,
2024-05-24 16,,,,,,,,
2024-05-24 17,,,,,,,,
2024-05-27 00,,,,,,,,
2024-05-27 01,,,,,,,,
2024-05-27 11,,,,,,,,
2024-05-27 12,,,,,,,,
2024-05-27 21,,,,,,,,
2024-05-27 22,,,,,,,,
2024-05-28 04,,,,,,,,
2024-05-28 05,,,,,,,,
2024-05-28 08,,,,,,,,
2024-05-28 09,,,,,,,,
2024-05-28 14,,,,,,,,
2024-05-28 15,,,,,,,,
2024-05-28 18,,,,,,,,
2024-05-28 19,,,,,,,,
2024-05-28 21,,,,,,,,
2024-05-28 22,,,,,,,,
2024-05-29 05,,,,,,,,
2024-05-29 06,,,,,,,,
2024-05-29 14,,,,,,,,
2024-05-29 15,,,,,,,,
2024-05-29 20,,,,,,,,
2024-05-29 21,,,,,,,,
2024-05-30 00,,,,,,,,
2024-05-30 01,,,,,,,,
2024-05-30 06,,,,,,,,
2024-05-30 07,,,,,,,,
2024-05-30 12,,,,,,,,
2024-05-30 13,,,,,,,,
2024-05-31 01,,,,,,,,
2024-05-31 02,,,,,,,,
2024-05-31 11,,,,,,,,
2024-05-31 12,,,,,,,,
2024-06-03 01,,,,,,,,
2024-06-03 02,,,,,,,,
2024-06-03 10,,,,,,,,
2024-06-03 11,,,,,,,,
2024-06-03 14,,,,,,,,
2024-06-03 15,,,,,,,,
2024-06-03 16,,,,,,,,
2024-06-03 17,,,,,,,,
2024-06-03 21,,,,,,,,
2024-06-03 22,,,,,,,,
2024-06-04 10,,,,,,,,
2024-06-04 11,,,,,,,,
2024-06-04 21,,,,,,,,
2024-06-04 22,,,,,,,,
2024-06-05 10,,,,,,,,
2024-06-05 11,,,,,,,,
2024-06-05 13,,,,,,,,
2024-06-05 14,,,,,,,,
2024-06-06 00,,,,,,,,
2024-06-06 01,,,,,,,,
2024-06-06 09,,,,,,,,
2024-06-06 10,,,,,,,,
2024-06-06 13,,,,,,,,
2024-06-06 14,,,,,,,,
2024-06-06 16,,,,,,,,
2024-06-06 17,,,,,,,,
2024-06-06 19,,,,,,,,
2024-06-06 20,,,,,,,,
2024-06-07 06,,,,,,,,
2024-06-07 07,,,,,,,,
2024-06-07 15,,,,,,,,
2024-06-07 16,,,,,,,,
2024-06-10 10,,,,,,,,
2024-06-10 11,,,,,,,,
2024-06-10 13,,,,,,,,
2024-06-10 14,,,,,,,,
2024-06-10 21,,,,,,,,
2024-06-10 22,,,,,,,,
2024-06-11 08,,,,,,,,
2024-06-11 09,,,,,,,,
2024-06-11 13,,,,,,,,
2024-06-11 14,,,,,,,,
2024-06-11 17,,,,,,,,
2024-06-11 18,,,,,,,,
2024-06-11 20,,,,,,,,
2024-06-11 21,,,,,,,,
2024-06-12 14,,,,,,,,
2024-06-12 15,,,,,,,,
2024-06-12 21,,,,,,,,
2024-06-12 22,,,,,,,,
2024-06-13 01,,,,,,,,
2024-06-13 02,,,,,,,,
2024-06-13 16,,,,,,,,
2024-06-13 17,,,,,,,,
2024-06-13 21,,,,,,,,
2024-06-13 22,,,,,,,,
2024-06-14 02,,,,,,,,
2024-06-14 03,,,,,,,,
2024-06-14 09,,,,,,,,
2024-06-14 10,,,,,,,,
2024-06-14 13,,,,,,,,
2024-06-14 14,,,,,,,,
2024-06-17 03,,,,,,,,
2024-06-17 04,,,,,,,,
2024-06-17 06,,,,,,,,
2024-06-17 07,,,,,,,,
2024-06-17 10,,,,,,,,
2024-06-17 11,,,,,,,,
2024-06-17 20,,,,,,,,
2024-06-17 21,,,,,,,,
2024-06-18 01,,,,,,,,
2024-06-18 02,,,,,,,,
2024-06-18 12,,,,,,,,
2024-06-18 13,,,,,,,,
2024-06-18 20,,,,,,,,
2024-06-18 21,,,,,,,,
2024-06-19 01,,,,,,,,
2024-06-19 02,,,,,,,,
2024-06-19 05,,,,,,,,
2024-06-19 06,,,,,,,,
2024-06-19 12,,,,,,,,
2024-06-19 13,,,,,,,,
2024-06-19 20,,,,,,,,
2024-06-19 21,,,,,,,,
2024-06-20 02,,,,,,,,
2024-06-20 03,,,,,,,,
2024-06-20 06,,,,,,,,
2024-06-20 07,,,,,,,,
2024-06-20 11,,,,,,,,
2024-06-20 12,,,,,,,,
2024-06-20 15,,,,,,,,
2024-06-20 16,,,,,,,,
2024-06-20 21,,,,,,,,
2024-06-20 22,,,,,,,,
2024-06-21 01,,,,,,,,
2024-06-21 02,,,,,,,,
2024-06-21 07,,,,,,,,
2024-06-21 08,,,,,,,,
2024-06-21 10,,,,,,,,
2024-06-21 11,,,,,,,,
2024-06-24 01,,,,,,,,
2024-06-24 02,,,,,,,,
2024-06-24 06,,,,,,,,
2024-06-24 07,,,,,,,,
2024-06-24 10,,,,,,,,
2024-06-24 11,,,,,,,,
2024-06-24 17,,,,,,,,
2024-06-24 18,,,,,,,,
2024-06-25 00,,,,,,,,
2024-06-25 01,,,,,,,,
2024-06-25 06,,,,,,,,
2024-06-25 07,,,,,,,,
2024-06-25 11,,,,,,,,
2024-06-25 12,,,,,,,,
2024-06-25 20,,,,,,,,
2024-06-25 21,,,,,,,,
2024-06-26 08,,,,,,,,
2024-06-26 09,,,,,,,,
2024-06-26 12,,,,,,,,
2024-06-26 13,,,,,,,,
2024-06-27 01,,,,,,,,
2024-06-27 02,,,,,,,,
2024-06-27 04,,,,,,,,
2024-06-27 05,,,,,,,,
2024-06-27 12,,,,,,,,
2024-06-27 13,,,,,,,,
2024-06-27 17,,,,,,,,
2024-06-27 18,,,,,,,,
2024-06-27 20,,,,,,,,
2024-06-27 21,,,,,,,,
2024-06-28 13,,,,,,,,
2024-06-28 14,,,,,,,,
2024-06-28 18,,,,,,,,
2024-06-28 19,,,,,,,,
2024-07-01 17,,,,,,,,
2024-07-01 18,,,,,,,,
2024-07-01 21,,,,,,,,
2024-07-01 22,,,,,,,,
2024-07-02 00,,,,,,,,
2024-07-02 01,,,,,,,,
2024-07-02 07,,,,,,,,
2024-07-02 08,,,,,,,,
2024-07-02 21,,,,,,,,
2024-07-02 22,,,,,,,,
2024-07-03 14,,,,,,,,
2024-07-03 15,,,,,,,,
2024-07-03 17,,,,,,,,
2024-07-03 18,,,,,,,,
2024-07-03 21,,,,,,,,
2024-07-03 22,,,,,,,,
2024-07-04 01,,,,,,,,
2024-07-04 02,,,,,,,,
2024-07-04 11,,,,,,,,
2024-07-04 12,,,,,,,,
2024-07-04 20,,,,,,,,
2024-07-04 21,,,,,,,,
2024-07-05 00,,,,,,,,
2024-07-05 01,,,,,,,,
2024-07-05 03,,,,,,,,
2024-07-05 04,,,,,,,,
2024-07-05 11,,,,,,,,
2024-07-05 12,,,,,,,,
2024-07-05 15,,,,,,,,
2024-07-05 16,,,,,,,,
2024-07-08 02,,,,,,,,
2024-07-08 03,,,,,,,,
2024-07-08 14,,,,,,,,
2024-07-08 15,,,,,,,,
2024-07-08 18,,,,,,,,
2024-07-08 19,,,,,,,,
2024-07-08 21,,,,,,,,
2024-07-08 22,,,,,,,,
2024-07-09 07,,,,,,,,
2024-07-09 08,,,,,,,,
2024-07-09 11,,,,,,,,
2024-07-09 12,,,,,,,,
2024-07-09 17,,,,,,,,
2024-07-09 18,,,,,,,,
2024-07-09 20,,,,,,,,
2024-07-09 21,,,,,,,,
2024-07-10 06,,,,,,,,
2024-07-10 07,,,,,,,,
2024-07-10 12,,,,,,,,
2024-07-10 13,,,,,,,,
2024-07-10 21,,,,,,,,
2024-07-10 22,,,,,,,,
2024-07-11 05,,,,,,,,
2024-07-11 06,,,,,,,,
2024-07-11 13,,,,,,,,
2024-07-11 14,,,,,,,,
2024-07-11 16,,,,,,,,
2024-07-11 17,,,,,,,,
2024-07-11 23,,,,,,,,
2024-07-12 00,,,,,,,,
2024-07-12 05,,,,,,,,
2024-07-12 06,,,,,,,,
2024-07-12 13,,,,,,,,
2024-07-12 14,,,,,,,,
2024-07-15 01,,,,,,,,
2024-07-15 02,,,,,,,,
2024-07-15 07,,,,,,,,
2024-07-15 08,,,,,,,,
2024-07-15 16,,,,,,,,
2024-07-15 17,,,,,,,,
2024-07-16 06,,,,,,,,
2024-07-16 07,,,,,,,,
2024-07-16 11,,,,,,,,
2024-07-16 12,,,,,,,,
2024-07-16 14,,,,,,,,
2024-07-16 15,,,,,,,,
2024-07-16 20,,,,,,,,
2024-07-16 21,,,,,,,,
2024-07-17 08,,,,,,,,
2024-07-17 09,,,,,,,,
2024-07-17 23,,,,,,,,
2024-07-18 00,,,,,,,,
2024-07-18 06,,,,,,,,
2024-07-18 07,,,,,,,,
2024-07-18 12,,,,,,,,
2024-07-18 13,,,,,,,,
2024-07-19 00,,,,,,,,
2024-07-19 01,,,,,,,,
2024-07-19 09,,,,,,,,
2024-07-19 10,,,,,,,,
2024-07-19 14,,,,,,,,
2024-07-19 15,,,,,,,,
2024-07-19 16,,,,,,,,
2024-07-19 17,,,,,,,,
2024-07-22 06,,,,,,,,
2024-07-22 07,,,,,,,,
2024-07-22 09,,,,,,,,
2024-07-22 10,,,,,,,,
2024-07-22 14,,,,,,,,
2024-07-22 15,,,,,,,,
2024-07-22 21,,,,,,,,
2024-07-22 22,,,,,,,,
2024-07-23 03,,,,,,,,
2024-07-23 04,,,,,,,,
2024-07-23 10,,,,,,,,
2024-07-23 11,,,,,,,,
2024-07-23 20,,,,,,,,
2024-07-23 21,,,,,,,,
2024-07-24 04,,,,,,,,
2024-07-24 05,,,,,,,,
2024-07-24 08,,,,,,,,
2024-07-24 09,,,,,,,,
2024-07-24 14,,,,,,,,
2024-07-24 15,,,,,,,,
2024-07-25 03,,,,,,,,
2024-07-25 04,,,,,,,,
2024-07-25 07,,,,,,,,
2024-07-25 08,,,,,,,,
2024-07-25 10,,,,,,,,
2024-07-25 11,,,,,,,,
2024-07-25 19,,,,,,,,
2024-07-25 20,,,,,,,,
2024-07-25 23,,,,,,,,
2024-07-26 00,,,,,,,,
2024-07-26 06,,,,,,,,
2024-07-26 07,,,,,,,,
2024-07-26 14,,,,,,,,
2024-07-26 15,,,,,,,,
2024-07-29 02,,,,,,,,
2024-07-29 03,,,,,,,,
2024-07-29 08,,,,,,,,
2024-07-29 09,,,,,,,,
2024-07-29 23,,,,,,,,
2024-07-30 00,,,,,,,,
2024-07-30 17,,,,,,,,
2024-07-30 18,,,,,,,,
2024-07-31 00,,,,,,,,
2024-07-31 01,,,,,,,,
2024-07-31 02,,,,,,,,
2024-07-31 03,,,,,,,,
2024-07-31 08,,,,,,,,
2024-07-31 09,,,,,,,,
2024-07-31 13,,,,,,,,
2024-07-31 14,,,,,,,,
2024-07-31 19,,,,,,,,
2024-07-31 20,,,,,,,,
2024-08-01 01,,,,,,,,
2024-08-01 02,,,,,,,,
2024-08-01 08,,,,,,,,
2024-08-01 09,,,,,,,,
2024-08-01 23,,,,,,,,
2024-08-02 00,,,,,,,,
2024-08-02 06,,,,,,,,
2024-08-02 07,,,,,,,,
2024-08-02 12,,,,,,,,
2024-08-02 13,,,,,,,,
2024-08-02 14,,,,,,,,
2024-08-02 15,,,,,,,,
2024-08-05 05,,,,,,,,
2024-08-05 06,,,,,,,,
2024-08-05 09,,,,,,,,
2024-08-05 10,,,,,,,,
2024-08-05 18,,,,,,,,
2024-08-05 19,,,,,,,,
2024-08-05 21,,,,,,,,
2024-08-05 22,,,,,,,,
2024-08-06 01,,,,,,,,
2024-08-06 02,,,,,,,,
2024-08-06 12,,,,,,,,
2024-08-06 13,,,,,,,,
2024-08-06 20,,,,,,,,
2024-08-06 21,,,,,,,,
2024-08-07 07,,,,,,,,
2024-08-07 08,,,,,,,,
2024-08-07 13,,,,,,,,
2024-08-07 14,,,,,,,,
2024-08-08 00,,,,,,,,
2024-08-08 01,,,,,,,,
2024-08-08 07,,,,,,,,
2024-08-08 08,,,,,,,,
2024-08-08 09,,,,,,,,
2024-08-08 10,,,,,,,,
2024-08-09 04,,,,,,,,
2024-08-09 05,,,,,,,,
2024-08-09 12,,,,,,,,
2024-08-09 13,,,,,,,,
2024-08-09 18,,,,,,,,
2024-08-09 19,,,,,,,,
2024-08-12 06,,,,,,,,
2024-08-12 07,,,,,,,,
2024-08-12 19,,,,,,,,
2024-08-12 20,,,,,,,,
2024-08-12 23,,,,,,,,
2024-08-13 00,,,,,,,,
2024-08-13 13,,,,,,,,
2024-08-13 14,,,,,,,,
2024-08-13 21,,,,,,,,
2024-08-13 22,,,,,,,,
2024-08-14 02,,,,,,,,
2024-08-14 03,,,,,,,,
2024-08-14 06,,,,,,,,
2024-08-14 07,,,,,,,,
2024-08-14 11,,,,,,,,
2024-08-14 12,,,,,,,,
2024-08-14 14,,,,,,,,
2024-08-14 15,,,,,,,,
2024-08-14 21,,,,,,,,
2024-08-14 22,,,,,,,,
2024-08-15 05,,,,,,,,
2024-08-15 06,,,,,,,,
2024-08-15 10,,,,,,,,
2024-08-15 11,,,,,,,,
2024-08-15 16,,,,,,,,
2024-08-15 17,,,,,,,,
2024-08-16 02,,,,,,,,
2024-08-16 03,,,,,,,,
2024-08-16 12,,,,,,,,
2024-08-16 13,,,,,,,,
2024-08-19 05,,,,,,,,
2024-08-19 06,,,,,,,,
2024-08-19 11,,,,,,,,
2024-08-19 12,,,,,,,,
2024-08-19 21,,,,,,,,
2024-08-19 22,,,,,,,,
2024-08-20 01,,,,,,,,
2024-08-20 02,,,,,,,,
2024-08-20 07,,,,,,,,
2024-08-20 08,,,,,,,,
2024-08-20 16,,,,,,,,
2024-08-20 17,,,,,,,,
2024-08-20 21,,,,,,,,
2024-08-20 22,,,,,,,,
2024-08-21 15,,,,,,,,
2024-08-21 16,,,,,,,,
2024-08-21 18,,,,,,,,
2024-08-21 19,,,,,,,,
2024-08-21 22,,,,,,,,
2024-08-21 23,,,,,,,,
2024-08-22 04,,,,,,,,
2024-08-22 05,,,,,,,,
2024-08-22 15,,,,,,,,
2024-08-22 16,,,,,,,,
2024-08-23 01,,,,,,,,
2024-08-23 02,,,,,,,,
2024-08-23 06,,,,,,,,
2024-08-23 07,,,,,,,,
2024-08-26 00,,,,,,,,
2024-08-26 01,,,,,,,,
2024-08-26 06,,,,,,,,
2024-08-26 07,,,,,,,,
2024-08-26 12,,,,,,,,
2024-08-26 13,,,,,,,,
2024-08-26 22,,,,,,,,
2024-08-26 23,,,,,,,,
2024-08-27 04,,,,,,,,
2024-08-27 05,,,,,,,,
2024-08-27 12,,,,,,,,
2024-08-27 13,,,,,,,,
2024-08-27 16,,,,,,,,
2024-08-27 17,,,,,,,,
2024-08-27 22,,,,,,,,
2024-08-27 23,,,,,,,,
2024-08-28 09,,,,,,,,
2024-08-28 10,,,,,,,,
2024-08-28 17,,,,,,,,
2024-08-28 18,,,,,,,,
2024-08-28 22,,,,,,,,
2024-08-28 23,,,,,,,,
2024-08-29 08,,,,,,,,
2024-08-29 09,,,,,,,,
2024-08-29 11,,,,,,,,
2024-08-29 12,,,,,,,,
2024-08-29 18,,,,,,,,
2024-08-29 19,,,,,,,,
2024-08-30 00,,,,,,,,
2024-08-30 01,,,,,,,,
2024-08-30 14,,,,,,,,
2024-08-30 15,,,,,,,,
2024-09-02 04,,,,,,,,
2024-09-02 05,,,,,,,,
2024-09-02 16,,,,,,,,
2024-09-02 17,,,,,,,,
2024-09-03 08,,,,,,,,
2024-09-03 09,,,,,,,,
2024-09-03 14,,,,,,,,
2024-09-03 15,,,,,,,,
2024-09-04 00,,,,,,,,
2024-09-04 01,,,,,,,,
2024-09-04 06,,,,,,,,
2024-09-04 07,,,,,,,,
2024-09-04 23,,,,,,,,
2024-09-05 00,,,,,,,,
2024-09-05 06,,,,,,,,
2024-09-05 07,,,,,,,,
2024-09-05 12,,,,,,,,
2024-09-05 13,,,,,,,,
2024-09-05 17,,,,,,,,
2024-09-05 18,,,,,,,,
2024-09-06 06,,,,,,,,
2024-09-06 07,,,,,,,,
2024-09-06 15,,,,,,,,
2024-09-06 16,,,,,,,,
2024-09-09 06,,,,,,,,
2024-09-09 07,,,,,,,,
2024-09-09 14,,,,,,,,
2024-09-09 15,,,,,,,,
2024-09-09 18,,,,,,,,
2024-09-09 19,,,,,,,,
2024-09-09 22,,,,,,,,
2024-09-09 23,,,,,,,,
2024-09-10 04,,,,,,,,
2024-09-10 05,,,,,,,,
2024-09-10 15,,,,,,,,
2024-09-10 16,,,,,,,,
2024-09-11 04,,,,,,,,
2024-09-11 05,,,,,,,,
2024-09-11 14,,,,,,,,
2024-09-11 15,,,,,,,,
2024-09-11 21,,,,,,,,
2024-09-11 22,,,,,,,,
2024-09-12 01,,,,,,,,
2024-09-12 02,,,,,,,,
2024-09-12 08,,,,,,,,
2024-09-12 09,,,,,,,,
2024-09-12 13,,,,,,,,
2024-09-12 14,,,,,,,,
2024-09-12 18,,,,,,,,
2024-09-12 19,,,,,,,,
2024-09-13 04,,,,,,,,
2024-09-13 05,,,,,,,,
2024-09-13 09,,,,,,,,
2024-09-13 10,,,,,,,,
2024-09-13 13,,,,,,,,
2024-09-13 14,,,,,,,,
2024-09-16 00,,,,,,,,
2024-09-16 01,,,,,,,,
2024-09-16 06,,,,,,,,
2024-09-16 07,,,,,,,,
2024-09-16 11,,,,,,,,
2024-09-16 12,,,,,,,,
2024-09-17 01,,,,,,,,
2024-09-17 02,,,,,,,,
2024-09-17 06,,,,,,,,
2024-09-17 07,,,,,,,,
2024-09-17 10,,,,,,,,
2024-09-17 11,,,,,,,,
2024-09-17 16,,,,,,,,
2024-09-17 17,,,,,,,,
2024-09-18 04,,,,,,,,
2024-09-18 05,,,,,,,,
2024-09-18 10,,,,,,,,
2024-09-18 11,,,,,,,,
2024-09-18 18,,,,,,,,
2024-09-18 19,,,,,,,,
2024-09-18 21,,,,,,,,
2024-09-18 22,,,,,,,,
2024-09-19 06,,,,,,,,
2024-09-19 07,,,,,,,,
2024-09-19 14,,,,,,,,
2024-09-19 15,,,,,,,,
2024-09-19 19,,,,,,,,
2024-09-19 20,,,,,,,,
2024-09-20 03,,,,,,,,
2024-09-20 04,,,,,,,,
2024-09-20 05,,,,,,,,
2024-09-20 06,,,,,,,,
2024-09-20 13,,,,,,,,
2024-09-20 14,,,,,,,,
2024-09-20 15,,,,,,,,
2024-09-20 16,,,,,,,,
2024-09-20 18,,,,,,,,
2024-09-20 19,,,,,,,,
2024-09-23 07,,,,,,,,
2024-09-23 08,,,,,,,,
2024-09-23 16,,,,,,,,
2024-09-23 17,,,,,,,,
2024-09-24 01,,,,,,,,
2024-09-24 02,,,,,,,,
2024-09-24 10,,,,,,,,
2024-09-24 11,,,,,,,,
2024-09-24 21,,,,,,,,
2024-09-24 22,,,,,,,,
2024-09-25 05,,,,,,,,
2024-09-25 06,,,,,,,,
2024-09-25 17,,,,,,,,
2024-09-25 18,,,,,,,,
2024-09-26 00,,,,,,,,
2024-09-26 01,,,,,,,,
2024-09-26 04,,,,,,,,
2024-09-26 05,,,,,,,,
2024-09-26 11,,,,,,,,
2024-09-26 12,,,,,,,,
2024-09-26 17,,,,,,,,
2024-09-26 18,,,,,,,,
2024-09-27 02,,,,,,,,
2024-09-27 03,,,,,,,,
2024-09-27 07,,,,,,,,
2024-09-27 08,,,,,,,,
2024-09-27 18,,,,,,,,
2024-09-27 19,,,,,,,,
2024-09-30 05,,,,,,,,
2024-09-30 06,,,,,,,,
2024-09-30 13,,,,,,,,
2024-09-30 14,,,,,,,,
2024-09-30 17,,,,,,,,
2024-09-30 18,,,,,,,,
2024-09-30 22,,,,,,,,
2024-09-30 23,,,,,,,,
2024-10-01 16,,,,,,,,
2024-10-01 17,,,,,,,,
2024-10-01 22,,,,,,,,
2024-10-01 23,,,,,,,,
2024-10-02 04,,,,,,,,
2024-10-02 05,,,,,,,,
2024-10-03 08,,,,,,,,
2024-10-03 09,,,,,,,,
2024-10-03 11,,,,,,,,
2024-10-03 12,,,,,,,,
2024-10-04 05,,,,,,,,
2024-10-04 06,,,,,,,,
2024-10-07 01,,,,,,,,
2024-10-07 02,,,,,,,,
2024-10-07 09,,,,,,,,
2024-10-07 10,,,,,,,,
2024-10-07 13,,,,,,,,
2024-10-07 14,,,,,,,,
2024-10-07 18,,,,,,,,
2024-10-07 19,,,,,,,,
2024-10-07 22,,,,,,,,
2024-10-07 23,,,,,,,,
2024-10-08 02,,,,,,,,
2024-10-08 03,,,,,,,,
2024-10-08 07,,,,,,,,
2024-10-08 08,,,,,,,,
2024-10-08 16,,,,,,,,
2024-10-08 17,,,,,,,,
2024-10-08 23,,,,,,,,
2024-10-09 00,,,,,,,,
2024-10-09 06,,,,,,,,
2024-10-09 07,,,,,,,,
2024-10-09 17,,,,,,,,
2024-10-09 18,,,,,,,,
2024-10-09 21,,,,,,,,
2024-10-09 22,,,,,,,,
2024-10-09 23,,,,,,,,
2024-10-10 00,,,,,,,,
2024-10-10 06,,,,,,,,
2024-10-10 07,,,,,,,,
2024-10-10 13,,,,,,,,
2024-10-10 14,,,,,,,,
2024-10-10 21,,,,,,,,
2024-10-10 22,,,,,,,,
2024-10-11 00,,,,,,,,
2024-10-11 01,,,,,,,,
2024-10-11 04,,,,,,,,
2024-10-11 05,,,,,,,,
2024-10-11 16,,,,,,,,
2024-10-11 17,,,,,,,,
2024-10-14 01,,,,,,,,
2024-10-14 02,,,,,,,,
2024-10-15 01,,,,,,,,
2024-10-15 02,,,,,,,,
2024-10-15 09,,,,,,,,
2024-10-15 10,,,,,,,,
2024-10-15 13,,,,,,,,
2024-10-15 14,,,,,,,,
2024-10-16 01,,,,,,,,
2024-10-16 02,,,,,,,,
2024-10-16 06,,,,,,,,
2024-10-16 07,,,,,,,,
2024-10-16 20,,,,,,,,
2024-10-16 21,,,,,,,,
2024-10-17 02,,,,,,,,
2024-10-17 03,,,,,,,,
2024-10-17 13,,,,,,,,
2024-10-17 14,,,,,,,,
2024-10-17 21,,,,,,,,
2024-10-17 22,,,,,,,,
2024-10-18 01,,,,,,,,
2024-10-18 02,,,,,,,,
2024-10-18 04,,,,,,,,
2024-10-18 05,,,,,,,,
2024-10-18 09,,,,,,,,
2024-10-18 10,,,,,,,,
2024-10-18 15,,,,,,,,
2024-10-18 16,,,,,,,,
2024-10-21 01,,,,,,,,
2024-10-21 02,,,,,,,,
2024-10-21 04,,,,,,,,
2024-10-21 05,,,,,,,,
2024-10-21 11,,,,,,,,
2024-10-21 12,,,,,,,,
2024-10-21 15,,,,,,,,
2024-10-21 16,,,,,,,,
2024-10-22 00,,,,,,,,
2024-10-22 01,,,,,,,,
2024-10-22 12,,,,,,,,
2024-10-22 13,,,,,,,,
2024-10-22 17,,,,,,,,
2024-10-22 18,,,,,,,,
2024-10-22 21,,,,,,,,
2024-10-22 22,,,,,,,,
2024-10-23 06,,,,,,,,
2024-10-23 07,,,,,,,,
2024-10-23 17,,,,,,,,
2024-10-23 18,,,,,,,,
2024-10-24 04,,,,,,,,
2024-10-24 05,,,,,,,,
2024-10-24 16,,,,,,,,
2024-10-24 17,,,,,,,,
2024-10-24 22,,,,,,,,
2024-10-24 23,,,,,,,,
2024-10-25 04,,,,,,,,
2024-10-25 05,,,,,,,,
2024-10-25 11,,,,,,,,
2024-10-25 12,,,,,,,,
2024-10-25 17,,,,,,,,
2024-10-25 18,,,,,,,,
2024-10-28 06,,,,,,,,
2024-10-28 07,,,,,,,,
2024-10-28 10,,,,,,,,
2024-10-28 11,,,,,,,,
2024-10-29 01,,,,,,,,
2024-10-29 02,,,,,,,,
2024-10-29 05,,,,,,,,
2024-10-29 06,,,,,,,,
2024-10-29 14,,,,,,,,
2024-10-29 15,,,,,,,,
2024-10-29 23,,,,,,,,
2024-10-30 00,,,,,,,,
2024-10-30 05,,,,,,,,
2024-10-30 06,,,,,,,,
2024-10-30 10,,,,,,,,
2024-10-30 11,,,,,,,,
2024-10-31 08,,,,,,,,
2024-10-31 09,,,,,,,,
2024-10-31 15,,,,,,,,
2024-10-31 16,,,,,,,,
2024-10-31 17,,,,,,,,
2024-10-31 18,,,,,,,,
2024-10-31 23,,,,,,,,
2024-11-01 00,,,,,,,,
2024-11-01 06,,,,,,,,
2024-11-01 07,,,,,,,,
2024-11-01 12,,,,,,,,
2024-11-01 13,,,,,,,,
2024-11-01 17,,,,,,,,
2024-11-01 18,,,,,,,,
2024-11-04 01,,,,,,,,
2024-11-04 02,,,,,,,,
2024-11-04 11,,,,,,,,
2024-11-04 12,,,,,,,,
2024-11-04 16,,,,,,,,
2024-11-04 17,,,,,,,,
2024-11-04 22,,,,,,,,
2024-11-04 23,,,,,,,,
2024-11-05 05,,,,,,,,
2024-11-05 06,,,,,,,,
2024-11-05 08,,,,,,,,
2024-11-05 09,,,,,,,,
2024-11-05 13,,,,,,,,
2024-11-05 14,,,,,,,,
2024-11-05 19,,,,,,,,
2024-11-05 20,,,,,,,,
2024-11-05 23,,,,,,,,
2024-11-06 00,,,,,,,,
2024-11-06 07,,,,,,,,
2024-11-06 08,,,,,,,,
2024-11-06 12,,,,,,,,
2024-11-06 13,,,,,,,,
2024-11-06 23,,,,,,,,
2024-11-07 00,,,,,,,,
2024-11-07 04,,,,,,,,
2024-11-07 05,,,,,,,,
2024-11-07 09,,,,,,,,
2024-11-07 10,,,,,,,,
2024-11-07 15,,,,,,,,
2024-11-07 16,,,,,,,,
2024-11-07 20,,,,,,,,
2024-11-07 21,,,,,,,,
2024-11-08 04,,,,,,,,
2024-11-08 05,,,,,,,,
2024-11-08 10,,,,,,,,
2024-11-08 11,,,,,,,,
2024-11-08 16,,,,,,,,
2024-11-08 17,,,,,,,,
2024-11-08 20,,,,,,,,
2024-11-08 21,,,,,,,,
2024-11-11 07,,,,,,,,
2024-11-11 08,,,,,,,,
2024-11-11 13,,,,,,,,
2024-11-11 14,,,,,,,,
2024-11-11 20,,,,,,,,
2024-11-11 21,,,,,,,,
2024-11-11 23,,,,,,,,
2024-11-12 00,,,,,,,,
2024-11-12 07,,,,,,,,
2024-11-12 08,,,,,,,,
2024-11-12 16,,,,,,,,
2024-11-12 17,,,,,,,,
2024-11-12 22,,,,,,,,
2024-11-12 23,,,,,,,,
2024-11-13 10,,,,,,,,
2024-11-13 11,,,,,,,,
2024-11-13 14,,,,,,,,
2024-11-13 15,,,,,,,,
2024-11-13 21,,,,,,,,
2024-11-13 22,,,,,,,,
2024-11-14 03,,,,,,,,
2024-11-14 04,,,,,,,,
2024-11-14 10,,,,,,,,
2024-11-14 11,,,,,,,,
2024-11-14 20,,,,,,,,
2024-11-14 21,,,,,,,,
2024-11-15 09,,,,,,,,
2024-11-15 10,,,,,,,,
2024-11-15 18,,,,,,,,
2024-11-15 19,,,,,,,,
2024-11-18 00,,,,,,,,
2024-11-18 01,,,,,,,,
2024-11-18 03,,,,,,,,
2024-11-18 04,,,,,,,,
2024-11-18 14,,,,,,,,
2024-11-18 15,,,,,,,,
2024-11-19 01,,,,,,,,
2024-11-19 02,,,,,,,,
2024-11-19 09,,,,,,,,
2024-11-19 10,,,,,,,,
2024-11-19 13,,,,,,,,
2024-11-19 14,,,,,,,,
2024-11-19 22,,,,,,,,
2024-11-19 23,,,,,,,,
2024-11-20 10,,,,,,,,
2024-11-20 11,,,,,,,,
2024-11-20 16,,,,,,,,
2024-11-20 17,,,,,,,,
2024-11-21 02,,,,,,,,
2024-11-21 03,,,,,,,,
2024-11-21 09,,,,,,,,
2024-11-21 10,,,,,,,,
2024-11-21 14,,,,,,,,
2024-11-21 15,,,,,,,,
2024-11-21 17,,,,,,,,
2024-11-21 18,,,,,,,,
2024-11-21 23,,,,,,,,
2024-11-22 00,,,,,,,,
2024-11-22 03,,,,,,,,
2024-11-22 04,,,,,,,,
2024-11-22 09,,,,,,,,
2024-11-22 10,,,,,,,,
2024-11-25 01,,,,,,,,
2024-11-25 02,,,,,,,,
2024-11-25 07,,,,,,,,
2024-11-25 08,,,,,,,,
2024-11-25 14,,,,,,,,
2024-11-25 15,,,,,,,,
2024-11-26 00,,,,,,,,
2024-11-26 01,,,,,,,,
2024-11-26 05,,,,,,,,
2024-11-26 06,,,,,,,,
2024-11-26 19,,,,,,,,
2024-11-26 20,,,,,,,,
2024-11-27 09,,,,,,,,
2024-11-27 10,,,,,,,,
2024-11-27 16,,,,,,,,
2024-11-27 17,,,,,,,,
2024-11-27 22,,,,,,,,
2024-11-27 23,,,,,,,,
2024-11-28 06,,,,,,,,
2024-11-28 07,,,,,,,,
2024-11-28 13,,,,,,,,
2024-11-28 14,,,,,,,,
2024-11-29 01,,,,,,,,
2024-11-29 02,,,,,,,,
2024-11-29 04,,,,,,,,
2024-11-29 05,,,,,,,,
2024-11-29 13,,,,,,,,
2024-11-29 14,,,,,,,,
2024-11-29 18,,,,,,,,
2024-11-29 19,,,,,,,,
2024-11-29 21,,,,,,,,
2024-12-02 00,,,,,,,,
2024-12-02 07,,,,,,,,
2024-12-02 08,,,,,,,,
2024-12-02 16,,,,,,,,
2024-12-02 17,,,,,,,,
2024-12-02 19,,,,,,,,
2024-12-02 20,,,,,,,,
2024-12-02 22,,,,,,,,
2024-12-02 23,,,,,,,,
2024-12-03 05,,,,,,,,
2024-12-03 06,,,,,,,,
2024-12-03 14,,,,,,,,
2024-12-03 15,,,,,,,,
2024-12-04 02,,,,,,,,
2024-12-04 03,,,,,,,,
2024-12-04 08,,,,,,,,
2024-12-04 09,,,,,,,,
2024-12-04 18,,,,,,,,
2024-12-04 19,,,,,,,,
2024-12-05 00,,,,,,,,
2024-12-05 01,,,,,,,,
2024-12-05 06,,,,,,,,
2024-12-05 07,,,,,,,,
2024-12-05 10,,,,,,,,
2024-12-05 11,,,,,,,,
2024-12-05 18,,,,,,,,
2024-12-05 19,,,,,,,,
2024-12-06 02,,,,,,,,
2024-12-06 03,,,,,,,,
2024-12-06 06,,,,,,,,
2024-12-06 07,,,,,,,,
2024-12-06 14,,,,,,,,
2024-12-06 15,,,,,,,,
2024-12-09 04,,,,,,,,
2024-12-09 05,,,,,,,,
2024-12-09 21,,,,,,,,
2024-12-09 22,,,,,,,,
2024-12-10 05,,,,,,,,
2024-12-10 06,,,,,,,,
2024-12-10 11,,,,,,,,
2024-12-10 12,,,,,,,,
2024-12-11 04,,,,,,,,
2024-12-11 05,,,,,,,,
2024-12-11 08,,,,,,,,
2024-12-11 09,,,,,,,,
2024-12-11 14,,,,,,,,
2024-12-11 15,,,,,,,,
2024-12-11 17,,,,,,,,
2024-12-11 18,,,,,,,,
2024-12-11 21,,,,,,,,
2024-12-11 22,,,,,,,,
2024-12-12 01,,,,,,,,
2024-12-12 02,,,,,,,,
2024-12-12 15,,,,,,,,
2024-12-12 16,,,,,,,,
2024-12-12 19,,,,,,,,
2024-12-12 20,,,,,,,,
2024-12-12 22,,,,,,,,
2024-12-12 23,,,,,,,,
2024-12-13 01,,,,,,,,
2024-12-13 02,,,,,,,,
2024-12-13 07,,,,,,,,
2024-12-13 08,,,,,,,,
2024-12-13 15,,,,,,,,
2024-12-13 16,,,,,,,,
2024-12-13 21,,,,,,,,
2024-12-16 00,,,,,,,,
2024-12-16 07,,,,,,,,
2024-12-16 08,,,,,,,,
2024-12-16 19,,,,,,,,
2024-12-16 20,,,,,,,,
2024-12-16 21,,,,,,,,
2024-12-16 22,,,,,,,,
2024-12-17 03,,,,,,,,
2024-12-17 04,,,,,,,,
2024-12-17 06,,,,,,,,
2024-12-17 07,,,,,,,,
2024-12-17 09,,,,,,,,
2024-12-17 10,,,,,,,,
2024-12-17 14,,,,,,,,
2024-12-17 15,,,,,,,,
2024-12-17 19,,,,,,,,
2024-12-17 20,,,,,,,,
2024-12-18 07,,,,,,,,
2024-12-18 08,,,,,,,,
2024-12-18 13,,,,,,,,
2024-12-18 14,,,,,,,,
2024-12-18 20,,,,,,,,
2024-12-18 21,,,,,,,,
2024-12-18 23,,,,,,,,
2024-12-19 00,,,,,,,,
2024-12-19 05,,,,,,,,
2024-12-19 06,,,,,,,,
2024-12-19 11,,,,,,,,
2024-12-19 12,,,,,,,,
2024-12-19 20,,,,,,,,
2024-12-19 21,,,,,,,,
2024-12-20 02,,,,,,,,
2024-12-20 03,,,,,,,,
2024-12-20 05,,,,,,,,
2024-12-20 06,,,,,,,,
2024-12-20 09,,,,,,,,
2024-12-20 10,,,,,,,,
2024-12-20 19,,,,,,,,
2024-12-20 20,,,,,,,,
2024-12-23 08,,,,,,,,
2024-12-23 09,,,,,,,,
2024-12-23 11,,,,,,,,
2024-12-23 12,,,,,,,,
2024-12-23 15,,,,,,,,
2024-12-23 16,,,,,,,,
2024-12-23 21,,,,,,,,
2024-12-23 22,,,,,,,,
2024-12-24 05,,,,,,,,
2024-12-24 06,,,,,,,,
2024-12-24 08,,,,,,,,
2024-12-24 09,,,,,,,,
2024-12-24 20,,,,,,,,
2024-12-24 21,,,,,,,,
2024-12-26 08,,,,,,,,
2024-12-26 09,,,,,,,,
2024-12-26 23,,,,,,,,
2024-12-27 00,,,,,,,,
2024-12-27 02,,,,,,,,
2024-12-27 03,,,,,,,,
2024-12-27 04,,,,,,,,
2024-12-27 05,,,,,,,,
2024-12-27 09,,,,,,,,
2024-12-27 10,,,,,,,,
2024-12-27 17,,,,,,,,
2024-12-27 18,,,,,,,,
2024-12-27 21,,,,,,,,
2024-12-30 00,,,,,,,,
2024-12-30 08,,,,,,,,
2024-12-30 09,,,,,,,,
2024-12-30 15,,,,,,,,
2024-12-30 16,,,,,,,,
2024-12-31 04,,,,,,,,
2024-12-31 05,,,,,,,,
2024-12-31 08,,,,,,,,
2024-12-31 09,,,,,,,,
2024-12-31 14,,,,,,,,
2024-12-31 15,,,,,,,,
2024-12-31 18,,,,,,,,
2024-12-31 19,,,,,,,,
2024-12-31 21,,,,,,,,
2025-01-01 22,,,,,,,,
2025-01-02 15,,,,,,,,
2025-01-02 16,,,,,,,,
2025-01-03 00,,,,,,,,
2025-01-03 01,,,,,,,,
2025-01-03 07,,,,,,,,
2025-01-03 08,,,,,,,,
2025-01-03 10,,,,,,,,
2025-01-03 11,,,,,,,,
2025-01-03 13,,,,,,,,
2025-01-03 14,,,,,,,,
2025-01-03 17,,,,,,,,
2025-01-03 18,,,,,,,,
2025-01-06 06,,,,,,,,
2025-01-06 07,,,,,,,,
2025-01-06 13,,,,,,,,
2025-01-06 14,,,,,,,,
2025-01-06 18,,,,,,,,
2025-01-06 19,,,,,,,,
2025-01-07 07,,,,,,,,
2025-01-07 08,,,,,,,,
2025-01-07 17,,,,,,,,
2025-01-07 18,,,,,,,,
2025-01-07 20,,,,,,,,
2025-01-07 21,,,,,,,,
2025-01-08 00,,,,,,,,
2025-01-08 01,,,,,,,,
2025-01-08 14,,,,,,,,
2025-01-08 15,,,,,,,,
2025-01-09 12,,,,,,,,
2025-01-09 13,,,,,,,,
2025-01-10 00,,,,,,,,
2025-01-10 01,,,,,,,,
2025-01-10 08,,,,,,,,
2025-01-10 09,,,,,,,,
2025-01-10 16,,,,,,,,
2025-01-10 17,,,,,,,,
2025-01-13 09,,,,,,,,
2025-01-13 10,,,,,,,,
2025-01-13 12,,,,,,,,
2025-01-13 13,,,,,,,,
2025-01-14 01,,,,,,,,
2025-01-14 02,,,,,,,,
2025-01-14 04,,,,,,,,
2025-01-14 05,,,,,,,,
2025-01-14 13,,,,,,,,
2025-01-14 14,,,,,,,,
2025-01-14 19,,,,,,,,
2025-01-14 20,,,,,,,,
2025-01-15 07,,,,,,,,
2025-01-15 08,,,,,,,,
2025-01-15 12,,,,,,,,
2025-01-15 13,,,,,,,,
2025-01-15 16,,,,,,,,
2025-01-15 17,,,,,,,,
2025-01-16 01,,,,,,,,
2025-01-16 02,,,,,,,,
2025-01-16 09,,,,,,,,
2025-01-16 10,,,,,,,,
2025-01-16 15,,,,,,,,
2025-01-16 16,,,,,,,,
2025-01-17 00,,,,,,,,
2025-01-17 01,,,,,,,,
2025-01-17 07,,,,,,,,
2025-01-17 08,,,,,,,,
2025-01-17 07,,,,,,,,
2025-01-17 08,,,,,,,,
2025-01-17 13,,,,,,,,
2025-01-17 14,,,,,,,,
2025-01-17 19,,,,,,,,
2025-01-17 20,,,,,,,,
2025-01-20 00,,,,,,,,
2025-01-20 01,,,,,,,,
2025-01-20 09,,,,,,,,
2025-01-20 10,,,,,,,,
2025-01-20 12,,,,,,,,
2025-01-20 13,,,,,,,,
2025-01-20 17,,,,,,,,
2025-01-20 18,,,,,,,,
2025-01-21 02,,,,,,,,
2025-01-21 03,,,,,,,,
2025-01-21 06,,,,,,,,
2025-01-21 07,,,,,,,,
2025-01-21 12,,,,,,,,
2025-01-21 13,,,,,,,,
2025-01-21 22,,,,,,,,
2025-01-21 23,,,,,,,,
2025-01-22 08,,,,,,,,
2025-01-22 09,,,,,,,,
2025-01-22 13,,,,,,,,
2025-01-22 14,,,,,,,,
2025-01-22 22,,,,,,,,
2025-01-22 23,,,,,,,,
2025-01-23 09,,,,,,,,
2025-01-23 10,,,,,,,,
2025-01-23 13,,,,,,,,
2025-01-23 14,,,,,,,,
2025-01-23 15,,,,,,,,
2025-01-23 16,,,,,,,,
2025-01-23 19,,,,,,,,
2025-01-23 20,,,,,,,,
2025-01-23 22,,,,,,,,
2025-01-23 23,,,,,,,,
2025-01-24 04,,,,,,,,
2025-01-24 05,,,,,,,,
2025-01-24 07,,,,,,,,
2025-01-24 08,,,,,,,,
2025-01-27 01,,,,,,,,
2025-01-27 02,,,,,,,,
2025-01-27 10,,,,,,,,
2025-01-27 11,,,,,,,,
2025-01-27 16,,,,,,,,
2025-01-27 17,,,,,,,,
2025-01-27 23,,,,,,,,
2025-01-28 00,,,,,,,,
2025-01-28 14,,,,,,,,
2025-01-28 15,,,,,,,,
2025-01-28 17,,,,,,,,
2025-01-28 18,,,,,,,,
2025-01-28 21,,,,,,,,
2025-01-28 22,,,,,,,,
2025-01-29 05,,,,,,,,
2025-01-29 06,,,,,,,,
2025-01-29 10,,,,,,,,
2025-01-29 11,,,,,,,,
2025-01-29 13,,,,,,,,
2025-01-29 14,,,,,,,,
2025-01-30 02,,,,,,,,
2025-01-30 03,,,,,,,,
2025-01-30 02,,,,,,,,
2025-01-30 03,,,,,,,,
2025-01-30 06,,,,,,,,
2025-01-30 07,,,,,,,,
2025-01-30 12,,,,,,,,
2025-01-30 13,,,,,,,,
2025-01-30 22,,,,,,,,
2025-01-30 23,,,,,,,,
2025-01-31 01,,,,,,,,
2025-01-31 02,,,,,,,,
2025-01-31 08,,,,,,,,
2025-01-31 09,,,,,,,,
2025-01-31 14,,,,,,,,
2025-01-31 15,,,,,,,,
2025-01-31 18,,,,,,,,
2025-01-31 19,,,,,,,,
2025-02-03 02,,,,,,,,
2025-02-03 03,,,,,,,,
2025-02-03 11,,,,,,,,
2025-02-03 12,,,,,,,,
2025-02-03 14,,,,,,,,
2025-02-03 15,,,,,,,,
2025-02-03 20,,,,,,,,
2025-02-03 21,,,,,,,,
2025-02-04 05,,,,,,,,
2025-02-04 06,,,,,,,,
2025-02-04 11,,,,,,,,
2025-02-04 12,,,,,,,,
2025-02-04 17,,,,,,,,
2025-02-04 18,,,,,,,,
2025-02-05 03,,,,,,,,
2025-02-05 04,,,,,,,,
2025-02-05 06,,,,,,,,
2025-02-05 07,,,,,,,,
2025-02-05 15,,,,,,,,
2025-02-05 16,,,,,,,,
2025-02-06 01,,,,,,,,
2025-02-06 02,,,,,,,,
2025-02-06 13,,,,,,,,
2025-02-06 14,,,,,,,,
2025-02-06 19,,,,,,,,
2025-02-06 20,,,,,,,,
2025-02-07 00,,,,,,,,
2025-02-07 01,,,,,,,,
2025-02-07 05,,,,,,,,
2025-02-07 06,,,,,,,,
2025-02-07 16,,,,,,,,
2025-02-07 17,,,,,,,,
2025-02-07 20,,,,,,,,
2025-02-07 21,,,,,,,,
2025-02-10 14,,,,,,,,
2025-02-10 15,,,,,,,,
2025-02-10 23,,,,,,,,
2025-02-11 00,,,,,,,,
2025-02-11 02,,,,,,,,
2025-02-11 03,,,,,,,,
2025-02-11 07,,,,,,,,
2025-02-11 08,,,,,,,,
2025-02-11 22,,,,,,,,
2025-02-11 23,,,,,,,,
2025-02-12 08,,,,,,,,
2025-02-12 09,,,,,,,,
2025-02-12 12,,,,,,,,
2025-02-12 13,,,,,,,,
2025-02-12 21,,,,,,,,
2025-02-12 22,,,,,,,,
2025-02-13 13,,,,,,,,
2025-02-13 14,,,,,,,,
2025-02-13 18,,,,,,,,
2025-02-13 19,,,,,,,,
2025-02-14 01,,,,,,,,
2025-02-14 02,,,,,,,,
2025-02-14 05,,,,,,,,
2025-02-14 06,,,,,,,,
2025-02-14 13,,,,,,,,
2025-02-14 14,,,,,,,,
2025-02-14 16,,,,,,,,
2025-02-14 17,,,,,,,,
2025-02-17 02,,,,,,,,
2025-02-17 03,,,,,,,,
2025-02-17 05,,,,,,,,
2025-02-17 06,,,,,,,,
2025-02-17 13,,,,,,,,
2025-02-17 14,,,,,,,,
2025-02-17 23,,,,,,,,
2025-02-18 00,,,,,,,,
2025-02-18 06,,,,,,,,
2025-02-18 07,,,,,,,,
2025-02-18 13,,,,,,,,
2025-02-18 14,,,,,,,,
2025-02-19 00,,,,,,,,
2025-02-19 01,,,,,,,,
2025-02-19 14,,,,,,,,
2025-02-19 15,,,,,,,,
2025-02-20 06,,,,,,,,
2025-02-20 07,,,,,,,,
2025-02-20 14,,,,,,,,
2025-02-20 15,,,,,,,,
2025-02-20 22,,,,,,,,
2025-02-20 23,,,,,,,,
2025-02-21 11,,,,,,,,
2025-02-21 12,,,,,,,,
2025-02-21 19,,,,,,,,
2025-02-21 20,,,,,,,,
2025-02-24 07,,,,,,,,
2025-02-24 08,,,,,,,,
2025-02-24 15,,,,,,,,
2025-02-24 16,,,,,,,,
2025-02-24 21,,,,,,,,
2025-02-24 22,,,,,,,,
2025-02-25 04,,,,,,,,
2025-02-25 05,,,,,,,,
2025-02-25 07,,,,,,,,
2025-02-25 08,,,,,,,,
2025-02-25 16,,,,,,,,
2025-02-25 17,,,,,,,,
2025-02-26 00,,,,,,,,
2025-02-26 01,,,,,,,,
2025-02-26 05,,,,,,,,
2025-02-26 06,,,,,,,,
2025-02-26 08,,,,,,,,
2025-02-26 09,,,,,,,,
2025-02-26 19,,,,,,,,
2025-02-26 20,,,,,,,,
2025-02-26 23,,,,,,,,
2025-02-27 00,,,,,,,,
2025-02-27 04,,,,,,,,
2025-02-27 05,,,,,,,,
2025-02-27 14,,,,,,,,
2025-02-27 15,,,,,,,,
2025-02-28 01,,,,,,,,
2025-02-28 02,,,,,,,,
2025-02-28 18,,,,,,,,
2025-02-28 19,,,,,,,,
2025-03-03 03,,,,,,,,
2025-03-03 04,,,,,,,,
2025-03-03 08,,,,,,,,
2025-03-03 09,,,,,,,,
2025-03-03 15,,,,,,,,
2025-03-03 16,,,,,,,,
2025-03-03 20,,,,,,,,
2025-03-03 21,,,,,,,,
2025-03-04 01,,,,,,,,
2025-03-04 02,,,,,,,,
2025-03-04 03,,,,,,,,
2025-03-04 04,,,,,,,,
2025-03-04 14,,,,,,,,
2025-03-04 15,,,,,,,,
2025-03-04 23,,,,,,,,
2025-03-05 00,,,,,,,,
2025-03-05 02,,,,,,,,
2025-03-05 03,,,,,,,,
2025-03-05 06,,,,,,,,
2025-03-05 07,,,,,,,,
2025-03-05 13,,,,,,,,
2025-03-05 14,,,,,,,,
2025-03-05 22,,,,,,,,
2025-03-05 23,,,,,,,,
2025-03-06 10,,,,,,,,
2025-03-06 11,,,,,,,,
2025-03-06 13,,,,,,,,
2025-03-06 14,,,,,,,,
2025-03-06 19,,,,,,,,
2025-03-06 20,,,,,,,,
2025-03-07 05,,,,,,,,
2025-03-07 06,,,,,,,,
2025-03-07 13,,,,,,,,
2025-03-07 14,,,,,,,,
2025-03-07 16,,,,,,,,
2025-03-07 17,,,,,,,,
2025-03-10 00,,,,,,,,
2025-03-10 01,,,,,,,,
2025-03-10 08,,,,,,,,
2025-03-10 09,,,,,,,,
2025-03-10 14,,,,,,,,
2025-03-10 15,,,,,,,,
2025-03-10 18,,,,,,,,
2025-03-10 19,,,,,,,,
2025-03-11 00,,,,,,,,
2025-03-11 01,,,,,,,,
2025-03-11 14,,,,,,,,
2025-03-11 15,,,,,,,,
2025-03-11 16,,,,,,,,
2025-03-11 17,,,,,,,,
2025-03-11 21,,,,,,,,
2025-03-11 22,,,,,,,,
2025-03-12 01,,,,,,,,
2025-03-12 02,,,,,,,,
2025-03-12 05,,,,,,,,
2025-03-12 06,,,,,,,,
2025-03-12 14,,,,,,,,
2025-03-12 15,,,,,,,,
2025-03-12 21,,,,,,,,
2025-03-12 22,,,,,,,,
2025-03-13 06,,,,,,,,
2025-03-13 07,,,,,,,,
2025-03-13 07,,,,,,,,
2025-03-13 08,,,,,,,,
2025-03-13 11,,,,,,,,
2025-03-13 12,,,,,,,,
2025-03-13 17,,,,,,,,
2025-03-13 18,,,,,,,,
2025-03-14 07,,,,,,,,
2025-03-14 08,,,,,,,,
2025-03-14 16,,,,,,,,
2025-03-14 17,,,,,,,,
2025-03-14 20,,,,,,,,
2025-03-17 00,,,,,,,,
2025-03-17 07,,,,,,,,
2025-03-17 08,,,,,,,,
2025-03-17 11,,,,,,,,
2025-03-17 12,,,,,,,,
2025-03-17 15,,,,,,,,
2025-03-17 16,,,,,,,,
2025-03-18 04,,,,,,,,
2025-03-18 05,,,,,,,,
2025-03-18 15,,,,,,,,
2025-03-18 16,,,,,,,,
2025-03-18 18,,,,,,,,
2025-03-18 19,,,,,,,,
2025-03-18 21,,,,,,,,
2025-03-18 22,,,,,,,,
2025-03-19 01,,,,,,,,
2025-03-19 02,,,,,,,,
2025-03-19 07,,,,,,,,
2025-03-19 08,,,,,,,,
2025-03-19 20,,,,,,,,
2025-03-19 21,,,,,,,,
2025-03-20 01,,,,,,,,
2025-03-20 02,,,,,,,,
2025-03-20 10,,,,,,,,
2025-03-20 11,,,,,,,,
2025-03-20 12,,,,,,,,
2025-03-20 13,,,,,,,,
2025-03-20 17,,,,,,,,
2025-03-20 18,,,,,,,,
2025-03-20 23,,,,,,,,
2025-03-21 00,,,,,,,,
2025-03-21 03,,,,,,,,
2025-03-21 04,,,,,,,,
2025-03-21 07,,,,,,,,
2025-03-21 08,,,,,,,,
2025-03-21 15,,,,,,,,
2025-03-21 16,,,,,,,,
2025-03-24 05,,,,,,,,
2025-03-24 06,,,,,,,,
2025-03-24 08,,,,,,,,
2025-03-24 09,,,,,,,,
2025-03-24 12,,,,,,,,
2025-03-24 13,,,,,,,,
2025-03-24 16,,,,,,,,
2025-03-24 17,,,,,,,,
2025-03-24 21,,,,,,,,
2025-03-24 22,,,,,,,,
2025-03-25 05,,,,,,,,
2025-03-25 06,,,,,,,,
2025-03-25 14,,,,,,,,
2025-03-25 15,,,,,,,,
2025-03-25 20,,,,,,,,
2025-03-25 21,,,,,,,,
2025-03-25 23,,,,,,,,
2025-03-26 00,,,,,,,,
2025-03-26 08,,,,,,,,
2025-03-26 09,,,,,,,,
2025-03-26 11,,,,,,,,
2025-03-26 12,,,,,,,,
2025-03-26 17,,,,,,,,
2025-03-26 18,,,,,,,,
2025-03-26 22,,,,,,,,
2025-03-26 23,,,,,,,,
2025-03-27 13,,,,,,,,
2025-03-27 14,,,,,,,,
2025-03-28 01,,,,,,,,
2025-03-28 02,,,,,,,,
2025-03-28 07,,,,,,,,
2025-03-28 08,,,,,,,,
2025-03-31 03,,,,,,,,
2025-03-31 04,,,,,,,,
2025-03-31 06,,,,,,,,
2025-03-31 07,,,,,,,,
2025-03-31 09,,,,,,,,
2025-03-31 10,,,,,,,,
2025-03-31 14,,,,,,,,
2025-03-31 15,,,,,,,,
2025-03-31 21,,,,,,,,
2025-03-31 22,,,,,,,,
2025-04-01 00,,,,,,,,
2025-04-01 01,,,,,,,,
2025-04-01 11,,,,,,,,
2025-04-01 12,,,,,,,,
2025-04-01 13,,,,,,,,
2025-04-01 14,,,,,,,,
2025-04-01 18,,,,,,,,
2025-04-01 19,,,,,,,,
2025-04-02 07,,,,,,,,
2025-04-02 08,,,,,,,,
2025-04-02 12,,,,,,,,
2025-04-02 13,,,,,,,,
2025-04-02 22,,,,,,,,
2025-04-02 23,,,,,,,,
2025-04-03 03,,,,,,,,
2025-04-03 04,,,,,,,,
2025-04-03 13,,,,,,,,
2025-04-03 14,,,,,,,,
2025-04-03 17,,,,,,,,
2025-04-03 18,,,,,,,,
2025-04-03 22,,,,,,,,
2025-04-03 23,,,,,,,,
2025-04-04 10,,,,,,,,
2025-04-04 11,,,,,,,,
2025-04-04 14,,,,,,,,
2025-04-04 15,,,,,,,,
2025-04-04 20,,,,,,,,
2025-04-07 00,,,,,,,,
2025-04-07 06,,,,,,,,
2025-04-07 07,,,,,,,,
2025-04-07 10,,,,,,,,
2025-04-07 11,,,,,,,,
2025-04-07 21,,,,,,,,
2025-04-07 22,,,,,,,,
2025-04-08 10,,,,,,,,
2025-04-08 11,,,,,,,,
2025-04-09 00,,,,,,,,
2025-04-09 01,,,,,,,,
2025-04-09 03,,,,,,,,
2025-04-09 04,,,,,,,,
2025-04-09 06,,,,,,,,
2025-04-09 07,,,,,,,,
2025-04-09 14,,,,,,,,
2025-04-09 15,,,,,,,,
2025-04-09 16,,,,,,,,
2025-04-09 17,,,,,,,,
2025-04-10 00,,,,,,,,
2025-04-10 01,,,,,,,,
2025-04-10 15,,,,,,,,
2025-04-10 16,,,,,,,,
2025-04-11 00,,,,,,,,
2025-04-11 01,,,,,,,,
2025-04-11 04,,,,,,,,
2025-04-11 05,,,,,,,,
2025-04-11 08,,,,,,,,
2025-04-11 09,,,,,,,,
2025-04-14 01,,,,,,,,
2025-04-14 02,,,,,,,,
2025-04-14 06,,,,,,,,
2025-04-14 07,,,,,,,,
2025-04-14 15,,,,,,,,
2025-04-14 16,,,,,,,,
2025-04-14 21,,,,,,,,
2025-04-14 22,,,,,,,,
2025-04-15 02,,,,,,,,
2025-04-15 03,,,,,,,,
2025-04-15 05,,,,,,,,
2025-04-15 06,,,,,,,,
2025-04-15 08,,,,,,,,
2025-04-15 09,,,,,,,,
2025-04-15 12,,,,,,,,
2025-04-15 13,,,,,,,,
2025-04-15 21,,,,,,,,
2025-04-15 22,,,,,,,,
2025-04-16 07,,,,,,,,
2025-04-16 08,,,,,,,,
2025-04-16 20,,,,,,,,
2025-04-16 21,,,,,,,,
2025-04-16 22,,,,,,,,
2025-04-16 23,,,,,,,,
2025-04-17 04,,,,,,,,
2025-04-17 05,,,,,,,,
2025-04-17 14,,,,,,,,
2025-04-17 15,,,,,,,,
2025-04-17 22,,,,,,,,
2025-04-17 23,,,,,,,,
2025-04-18 03,,,,,,,,
2025-04-18 04,,,,,,,,
2025-04-18 07,,,,,,,,
2025-04-18 08,,,,,,,,
2025-04-18 11,,,,,,,,
2025-04-18 12,,,,,,,,
2025-04-18 15,,,,,,,,
2025-04-18 16,,,,,,,,
2025-04-21 01,,,,,,,,
2025-04-21 02,,,,,,,,
2025-04-21 06,,,,,,,,
2025-04-21 07,,,,,,,,
2025-04-21 18,,,,,,,,
2025-04-21 19,,,,,,,,
2025-04-21 22,,,,,,,,
2025-04-21 23,,,,,,,,
2025-04-22 07,,,,,,,,
2025-04-22 08,,,,,,,,
2025-04-22 10,,,,,,,,
2025-04-22 11,,,,,,,,
2025-04-22 20,,,,,,,,
2025-04-22 21,,,,,,,,
2025-04-23 01,,,,,,,,
2025-04-23 02,,,,,,,,
2025-04-23 07,,,,,,,,
2025-04-23 08,,,,,,,,
2025-04-23 11,,,,,,,,
2025-04-23 12,,,,,,,,
2025-04-23 21,,,,,,,,
2025-04-23 22,,,,,,,,
2025-04-24 06,,,,,,,,
2025-04-24 07,,,,,,,,
2025-04-24 12,,,,,,,,
2025-04-24 13,,,,,,,,
2025-04-24 20,,,,,,,,
2025-04-24 21,,,,,,,,
2025-04-25 01,,,,,,,,
2025-04-25 02,,,,,,,,
2025-04-25 07,,,,,,,,
2025-04-25 08,,,,,,,,
2025-04-25 17,,,,,,,,
2025-04-25 18,,,,,,,,
2025-04-28 00,,,,,,,,
2025-04-28 01,,,,,,,,
2025-04-28 04,,,,,,,,
2025-04-28 05,,,,,,,,
2025-04-28 11,,,,,,,,
2025-04-28 12,,,,,,,,
2025-04-28 20,,,,,,,,
2025-04-28 21,,,,,,,,
2025-04-29 04,,,,,,,,
2025-04-29 05,,,,,,,,
2025-04-29 16,,,,,,,,
2025-04-29 17,,,,,,,,
2025-04-29 21,,,,,,,,
2025-04-29 22,,,,,,,,
2025-04-30 03,,,,,,,,
2025-04-30 04,,,,,,,,
2025-04-30 13,,,,,,,,
2025-04-30 14,,,,,,,,
2025-04-30 21,,,,,,,,
2025-04-30 22,,,,,,,,
2025-05-01 00,,,,,,,,
2025-05-01 01,,,,,,,,
2025-05-01 02,,,,,,,,
2025-05-01 03,,,,,,,,
2025-05-01 21,,,,,,,,
2025-05-01 22,,,,,,,,
2025-05-02 03,,,,,,,,
2025-05-02 04,,,,,,,,
2025-05-02 13,,,,,,,,
2025-05-02 14,,,,,,,,
2025-05-05 01,,,,,,,,
2025-05-05 02,,,,,,,,
2025-05-05 04,,,,,,,,
2025-05-05 05,,,,,,,,
2025-05-05 08,,,,,,,,
2025-05-05 09,,,,,,,,
2025-05-05 15,,,,,,,,
2025-05-05 16,,,,,,,,
2025-05-05 23,,,,,,,,
2025-05-06 00,,,,,,,,
2025-05-06 08,,,,,,,,
2025-05-06 09,,,,,,,,
2025-05-06 13,,,,,,,,
2025-05-06 14,,,,,,,,
2025-05-06 20,,,,,,,,
2025-05-06 21,,,,,,,,
2025-05-07 01,,,,,,,,
2025-05-07 02,,,,,,,,
2025-05-07 06,,,,,,,,
2025-05-07 07,,,,,,,,
2025-05-07 17,,,,,,,,
2025-05-07 18,,,,,,,,
2025-05-07 20,,,,,,,,
2025-05-07 21,,,,,,,,
2025-05-07 23,,,,,,,,
2025-05-08 00,,,,,,,,
2025-05-08 05,,,,,,,,
2025-05-08 06,,,,,,,,
2025-05-08 10,,,,,,,,
2025-05-08 11,,,,,,,,
2025-05-08 20,,,,,,,,
2025-05-08 21,,,,,,,,
2025-05-09 06,,,,,,,,
2025-05-09 07,,,,,,,,
2025-05-09 11,,,,,,,,
2025-05-09 12,,,,,,,,
2025-05-09 19,,,,,,,,
2025-05-09 20,,,,,,,,
2025-05-12 02,,,,,,,,
2025-05-12 03,,,,,,,,
2025-05-12 11,,,,,,,,
2025-05-12 12,,,,,,,,
2025-05-12 15,,,,,,,,
2025-05-12 16,,,,,,,,
2025-05-12 21,,,,,,,,
2025-05-12 22,,,,,,,,
2025-05-13 00,,,,,,,,
2025-05-13 01,,,,,,,,
2025-05-13 04,,,,,,,,
2025-05-13 05,,,,,,,,
2025-05-13 13,,,,,,,,
2025-05-13 14,,,,,,,,
2025-05-13 19,,,,,,,,
2025-05-13 20,,,,,,,,
2025-05-13 22,,,,,,,,
2025-05-13 23,,,,,,,,
2025-05-14 04,,,,,,,,
2025-05-14 05,,,,,,,,
2025-05-14 09,,,,,,,,
2025-05-14 10,,,,,,,,
2025-05-14 13,,,,,,,,
2025-05-14 14,,,,,,,,
2025-05-15 06,,,,,,,,
2025-05-15 07,,,,,,,,
2025-05-15 14,,,,,,,,
2025-05-15 15,,,,,,,,
2025-05-16 00,,,,,,,,
2025-05-16 01,,,,,,,,
2025-05-16 06,,,,,,,,
2025-05-16 07,,,,,,,,
2025-05-16 12,,,,,,,,
2025-05-16 13,,,,,,,,
2025-05-19 00,,,,,,,,
2025-05-19 01,,,,,,,,
2025-05-19 05,,,,,,,,
2025-05-19 06,,,,,,,,
2025-05-19 15,,,,,,,,
2025-05-19 16,,,,,,,,
2025-05-19 21,,,,,,,,
2025-05-19 22,,,,,,,,
2025-05-20 01,,,,,,,,
2025-05-20 02,,,,,,,,
2025-05-20 07,,,,,,,,
2025-05-20 08,,,,,,,,
2025-05-20 12,,,,,,,,
2025-05-20 13,,,,,,,,
2025-05-20 21,,,,,,,,
2025-05-20 22,,,,,,,,
2025-05-21 05,,,,,,,,
2025-05-21 06,,,,,,,,
2025-05-21 10,,,,,,,,
2025-05-21 11,,,,,,,,
2025-05-21 17,,,,,,,,
2025-05-21 18,,,,,,,,
2025-05-21 20,,,,,,,,
2025-05-21 21,,,,,,,,
2025-05-22 02,,,,,,,,
2025-05-22 03,,,,,,,,
2025-05-22 08,,,,,,,,
2025-05-22 09,,,,,,,,
2025-05-22 23,,,,,,,,
2025-05-23 00,,,,,,,,
2025-05-23 03,,,,,,,,
2025-05-23 04,,,,,,,,
2025-05-23 06,,,,,,,,
2025-05-23 07,,,,,,,,
2025-05-23 11,,,,,,,,
2025-05-23 12,,,,,,,,
2025-05-26 16,,,,,,,,
2025-05-26 17,,,,,,,,
2025-05-26 21,,,,,,,,
2025-05-26 22,,,,,,,,
2025-05-27 01,,,,,,,,
2025-05-27 02,,,,,,,,
2025-05-27 23,,,,,,,,
2025-05-28 00,,,,,,,,
2025-05-28 05,,,,,,,,
2025-05-28 06,,,,,,,,
2025-05-28 12,,,,,,,,
2025-05-28 13,,,,,,,,
2025-05-28 20,,,,,,,,
2025-05-28 21,,,,,,,,
2025-05-29 03,,,,,,,,
2025-05-29 04,,,,,,,,
2025-05-29 15,,,,,,,,
2025-05-29 16,,,,,,,,
2025-05-30 01,,,,,,,,
2025-05-30 02,,,,,,,,
2025-05-30 04,,,,,,,,
2025-05-30 05,,,,,,,,
2025-05-30 11,,,,,,,,
2025-05-30 12,,,,,,,,
2025-05-30 16,,,,,,,,
2025-05-30 17,,,,,,,,
2025-06-02 05,,,,,,,,
2025-06-02 06,,,,,,,,
2025-06-02 10,,,,,,,,
2025-06-02 11,,,,,,,,
2025-06-02 13,,,,,,,,
2025-06-02 14,,,,,,,,
2025-06-02 17,,,,,,,,
2025-06-02 18,,,,,,,,
2025-06-02 23,,,,,,,,
2025-06-03 00,,,,,,,,
2025-06-03 08,,,,,,,,
2025-06-03 09,,,,,,,,
2025-06-03 17,,,,,,,,
2025-06-03 18,,,,,,,,
2025-06-03 21,,,,,,,,
2025-06-03 22,,,,,,,,
2025-06-04 01,,,,,,,,
2025-06-04 02,,,,,,,,
2025-06-04 06,,,,,,,,
2025-06-04 07,,,,,,,,
2025-06-04 16,,,,,,,,
2025-06-04 17,,,,,,,,
2025-06-04 20,,,,,,,,
2025-06-04 21,,,,,,,,
2025-06-04 23,,,,,,,,
2025-06-05 00,,,,,,,,
2025-06-05 11,,,,,,,,
2025-06-05 12,,,,,,,,
2025-06-05 20,,,,,,,,
2025-06-05 21,,,,,,,,
2025-06-06 07,,,,,,,,
2025-06-06 08,,,,,,,,
2025-06-06 17,,,,,,,,
2025-06-06 18,,,,,,,,
2025-06-06 20,,,,,,,,
2025-06-09 00,,,,,,,,
2025-06-09 10,,,,,,,,
2025-06-09 11,,,,,,,,
2025-06-09 16,,,,,,,,
2025-06-09 17,,,,,,,,
2025-06-09 21,,,,,,,,
2025-06-09 22,,,,,,,,
2025-06-10 06,,,,,,,,
2025-06-10 07,,,,,,,,
2025-06-10 11,,,,,,,,
2025-06-10 12,,,,,,,,
2025-06-10 21,,,,,,,,
2025-06-10 22,,,,,,,,
2025-06-11 02,,,,,,,,
2025-06-11 03,,,,,,,,
2025-06-11 06,,,,,,,,
2025-06-11 07,,,,,,,,
2025-06-11 12,,,,,,,,
2025-06-11 13,,,,,,,,
2025-06-11 18,,,,,,,,
2025-06-11 19,,,,,,,,
2025-06-12 01,,,,,,,,
2025-06-12 02,,,,,,,,
2025-06-12 07,,,,,,,,
2025-06-12 08,,,,,,,,
2025-06-12 12,,,,,,,,
2025-06-12 13,,,,,,,,
2025-06-12 15,,,,,,,,
2025-06-12 16,,,,,,,,
2025-06-13 00,,,,,,,,
2025-06-13 01,,,,,,,,
2025-06-13 05,,,,,,,,
2025-06-13 06,,,,,,,,
2025-06-13 11,,,,,,,,
2025-06-13 12,,,,,,,,
2025-06-13 18,,,,,,,,
2025-06-13 19,,,,,,,,
2025-06-16 04,,,,,,,,
2025-06-16 05,,,,,,,,
2025-06-16 10,,,,,,,,
2025-06-16 11,,,,,,,,
2025-06-16 13,,,,,,,,
2025-06-16 14,,,,,,,,
2025-06-16 22,,,,,,,,
2025-06-16 23,,,,,,,,
2025-06-17 04,,,,,,,,
2025-06-17 05,,,,,,,,
2025-06-17 07,,,,,,,,
2025-06-17 08,,,,,,,,
2025-06-17 11,,,,,,,,
2025-06-17 12,,,,,,,,
2025-06-17 21,,,,,,,,
2025-06-17 22,,,,,,,,
2025-06-18 04,,,,,,,,
2025-06-18 05,,,,,,,,
2025-06-18 13,,,,,,,,
2025-06-18 14,,,,,,,,
2025-06-18 18,,,,,,,,
2025-06-18 19,,,,,,,,
2025-06-19 00,,,,,,,,
2025-06-19 01,,,,,,,,
2025-06-19 05,,,,,,,,
2025-06-19 06,,,,,,,,
2025-06-19 13,,,,,,,,
2025-06-19 14,,,,,,,,
2025-06-19 21,,,,,,,,
2025-06-19 22,,,,,,,,
2025-06-19 23,,,,,,,,
2025-06-20 00,,,,,,,,
2025-06-20 06,,,,,,,,
2025-06-20 07,,,,,,,,
2025-06-20 14,,,,,,,,
2025-06-20 15,,,,,,,,
2025-06-20 20,,,,,,,,
2025-06-23 00,,,,,,,,
2025-06-23 12,,,,,,,,
2025-06-23 13,,,,,,,,
2025-06-23 16,,,,,,,,
2025-06-23 17,,,,,,,,
2025-06-24 02,,,,,,,,
2025-06-24 03,,,,,,,,
2025-06-24 06,,,,,,,,
2025-06-24 07,,,,,,,,
2025-06-24 14,,,,,,,,
2025-06-24 15,,,,,,,,
2025-06-24 21,,,,,,,,
2025-06-24 22,,,,,,,,
2025-06-25 01,,,,,,,,
2025-06-25 02,,,,,,,,
2025-06-25 12,,,,,,,,
2025-06-25 13,,,,,,,,
2025-06-25 15,,,,,,,,
2025-06-25 16,,,,,,,,
2025-06-25 18,,,,,,,,
2025-06-25 19,,,,,,,,
2025-06-25 20,,,,,,,,
2025-06-25 21,,,,,,,,
2025-06-26 00,,,,,,,,
2025-06-26 01,,,,,,,,
2025-06-26 07,,,,,,,,
2025-06-26 08,,,,,,,,
2025-06-26 11,,,,,,,,
2025-06-26 12,,,,,,,,
2025-06-26 20,,,,,,,,
2025-06-26 21,,,,,,,,
2025-06-27 01,,,,,,,,
2025-06-27 02,,,,,,,,
2025-06-27 05,,,,,,,,
2025-06-27 06,,,,,,,,
2025-06-27 17,,,,,,,,
2025-06-27 18,,,,,,,,
2025-06-30 07,,,,,,,,
2025-06-30 08,,,,,,,,
2025-06-30 13,,,,,,,,
2025-06-30 14,,,,,,,,
2025-07-01 00,,,,,,,,
2025-07-01 01,,,,,,,,
2025-07-01 11,,,,,,,,
2025-07-01 12,,,,,,,,
2025-07-01 22,,,,,,,,
2025-07-01 23,,,,,,,,
2025-07-02 03,,,,,,,,
2025-07-02 04,,,,,,,,
2025-07-02 08,,,,,,,,
2025-07-02 09,,,,,,,,
2025-07-02 13,,,,,,,,
2025-07-02 14,,,,,,,,
2025-07-02 20,,,,,,,,
2025-07-02 21,,,,,,,,
2025-07-02 23,,,,,,,,
2025-07-03 00,,,,,,,,
2025-07-03 09,,,,,,,,
2025-07-03 10,,,,,,,,
2025-07-03 21,,,,,,,,
2025-07-03 22,,,,,,,,
2025-07-04 12,,,,,,,,
2025-07-04 13,,,,,,,,
2025-07-07 00,,,,,,,,
2025-07-07 01,,,,,,,,
2025-07-07 08,,,,,,,,
2025-07-07 09,,,,,,,,
2025-07-07 16,,,,,,,,
2025-07-07 17,,,,,,,,
2025-07-07 21,,,,,,,,
2025-07-07 22,,,,,,,,
2025-07-08 04,,,,,,,,
2025-07-08 05,,,,,,,,
2025-07-08 10,,,,,,,,
2025-07-08 11,,,,,,,,
2025-07-08 13,,,,,,,,
2025-07-08 14,,,,,,,,
2025-07-08 21,,,,,,,,
2025-07-08 22,,,,,,,,
2025-07-09 17,,,,,,,,
2025-07-09 18,,,,,,,,
2025-07-09 20,,,,,,,,
2025-07-09 21,,,,,,,,
2025-07-10 00,,,,,,,,
2025-07-10 01,,,,,,,,
2025-07-10 06,,,,,,,,
2025-07-10 07,,,,,,,,
2025-07-10 12,,,,,,,,
2025-07-10 13,,,,,,,,
2025-07-10 21,,,,,,,,
2025-07-10 22,,,,,,,,
2025-07-10 23,,,,,,,,
2025-07-11 00,,,,,,,,
2025-07-11 06,,,,,,,,
2025-07-11 07,,,,,,,,
2025-07-11 12,,,,,,,,
2025-07-11 13,,,,,,,,
2025-07-14 00,,,,,,,,
2025-07-14 01,,,,,,,,
2025-07-14 06,,,,,,,,
2025-07-14 07,,,,,,,,
2025-07-14 14,,,,,,,,
2025-07-14 15,,,,,,,,
2025-07-14 20,,,,,,,,
2025-07-14 21,,,,,,,,
2025-07-15 02,,,,,,,,
2025-07-15 03,,,,,,,,
2025-07-15 21,,,,,,,,
2025-07-15 22,,,,,,,,
2025-07-16 09,,,,,,,,
2025-07-16 10,,,,,,,,
2025-07-16 15,,,,,,,,
2025-07-16 16,,,,,,,,
2025-07-16 17,,,,,,,,
2025-07-16 18,,,,,,,,
2025-07-16 21,,,,,,,,
2025-07-16 22,,,,,,,,
2025-07-17 05,,,,,,,,
2025-07-17 06,,,,,,,,
2025-07-17 13,,,,,,,,
2025-07-17 14,,,,,,,,
2025-07-17 22,,,,,,,,
2025-07-17 23,,,,,,,,
2025-07-18 05,,,,,,,,
2025-07-18 06,,,,,,,,
2025-07-18 16,,,,,,,,
2025-07-18 17,,,,,,,,
2025-07-21 00,,,,,,,,
2025-07-21 01,,,,,,,,
2025-07-21 06,,,,,,,,
2025-07-21 07,,,,,,,,
2025-07-21 12,,,,,,,,
2025-07-21 13,,,,,,,,
2025-07-21 16,,,,,,,,
2025-07-21 17,,,,,,,,
2025-07-21 21,,,,,,,,
2025-07-21 22,,,,,,,,
2025-07-22 02,,,,,,,,
2025-07-22 03,,,,,,,,
2025-07-22 07,,,,,,,,
2025-07-22 08,,,,,,,,
2025-07-22 13,,,,,,,,
2025-07-22 14,,,,,,,,
2025-07-23 00,,,,,,,,
2025-07-23 01,,,,,,,,
2025-07-23 06,,,,,,,,
2025-07-23 07,,,,,,,,
2025-07-23 11,,,,,,,,
2025-07-23 12,,,,,,,,
2025-07-24 01,,,,,,,,
2025-07-24 02,,,,,,,,
2025-07-24 10,,,,,,,,
2025-07-24 11,,,,,,,,
2025-07-24 16,,,,,,,,
2025-07-24 17,,,,,,,,
2025-07-24 20,,,,,,,,
2025-07-24 21,,,,,,,,
2025-07-25 06,,,,,,,,
2025-07-25 07,,,,,,,,
2025-07-25 13,,,,,,,,
2025-07-25 14,,,,,,,,
2025-07-25 17,,,,,,,,
2025-07-25 18,,,,,,,,
2025-07-28 04,,,,,,,,
2025-07-28 05,,,,,,,,
2025-07-28 13,,,,,,,,
2025-07-28 14,,,,,,,,
2025-07-28 20,,,,,,,,
2025-07-28 21,,,,,,,,
2025-07-29 05,,,,,,,,
2025-07-29 06,,,,,,,,
2025-07-29 13,,,,,,,,
2025-07-29 14,,,,,,,,
2025-07-29 21,,,,,,,,
2025-07-29 22,,,,,,,,
2025-07-30 05,,,,,,,,
2025-07-30 06,,,,,,,,
2025-07-30 18,,,,,,,,
2025-07-30 19,,,,,,,,
2025-07-31 03,,,,,,,,
2025-07-31 04,,,,,,,,
2025-07-31 17,,,,,,,,
2025-07-31 18,,,,,,,,
2025-07-31 21,,,,,,,,
2025-07-31 22,,,,,,,,
2025-08-01 09,,,,,,,,
2025-08-01 10,,,,,,,,
2025-08-01 17,,,,,,,,
2025-08-01 18,,,,,,,,
2025-08-04 06,,,,,,,,
2025-08-04 07,,,,,,,,
2025-08-04 18,,,,,,,,
2025-08-04 19,,,,,,,,
2025-08-04 23,,,,,,,,
2025-08-05 00,,,,,,,,
2025-08-05 05,,,,,,,,
2025-08-05 06,,,,,,,,
2025-08-05 11,,,,,,,,
2025-08-05 12,,,,,,,,
2025-08-05 14,,,,,,,,
2025-08-05 15,,,,,,,,
2025-08-05 20,,,,,,,,
2025-08-05 21,,,,,,,,
2025-08-06 03,,,,,,,,
2025-08-06 04,,,,,,,,
2025-08-06 05,,,,,,,,
2025-08-06 06,,,,,,,,
2025-08-06 13,,,,,,,,
2025-08-06 14,,,,,,,,
2025-08-06 18,,,,,,,,
2025-08-06 19,,,,,,,,
2025-08-06 22,,,,,,,,
2025-08-06 23,,,,,,,,
2025-08-07 07,,,,,,,,
2025-08-07 08,,,,,,,,
2025-08-07 19,,,,,,,,
2025-08-07 20,,,,,,,,
2025-08-07 23,,,,,,,,
2025-08-08 00,,,,,,,,
2025-08-08 04,,,,,,,,
2025-08-08 05,,,,,,,,
2025-08-08 12,,,,,,,,
2025-08-08 13,,,,,,,,
2025-08-08 20,,,,,,,,
2025-08-11 00,,,,,,,,
2025-08-11 07,,,,,,,,
2025-08-11 08,,,,,,,,
2025-08-11 14,,,,,,,,
2025-08-11 15,,,,,,,,
2025-08-11 21,,,,,,,,
2025-08-11 22,,,,,,,,
2025-08-12 05,,,,,,,,
2025-08-12 06,,,,,,,,
2025-08-12 12,,,,,,,,
2025-08-12 13,,,,,,,,
2025-08-12 18,,,,,,,,
2025-08-12 19,,,,,,,,
2025-08-12 23,,,,,,,,
2025-08-13 00,,,,,,,,
2025-08-13 08,,,,,,,,
2025-08-13 09,,,,,,,,
2025-08-13 14,,,,,,,,
2025-08-13 15,,,,,,,,
2025-08-13 21,,,,,,,,
2025-08-13 22,,,,,,,,
2025-08-14 05,,,,,,,,
2025-08-14 06,,,,,,,,
2025-08-14 11,,,,,,,,
2025-08-14 12,,,,,,,,
2025-08-14 21,,,,,,,,
2025-08-14 22,,,,,,,,
2025-08-15 01,,,,,,,,
2025-08-15 02,,,,,,,,
2025-08-15 04,,,,,,,,
2025-08-15 05,,,,,,,,
2025-08-15 08,,,,,,,,
2025-08-15 09,,,,,,,,
2025-08-15 20,,,,,,,,
2025-08-18 00,,,,,,,,
2025-08-18 07,,,,,,,,
2025-08-18 08,,,,,,,,
2025-08-18 16,,,,,,,,
2025-08-18 17,,,,,,,,
2025-08-18 20,,,,,,,,
2025-08-18 21,,,,,,,,
2025-08-19 01,,,,,,,,
2025-08-19 02,,,,,,,,
2025-08-19 05,,,,,,,,
2025-08-19 06,,,,,,,,
2025-08-19 18,,,,,,,,
2025-08-19 19,,,,,,,,
2025-08-20 01,,,,,,,,
2025-08-20 02,,,,,,,,
2025-08-20 06,,,,,,,,
2025-08-20 07,,,,,,,,
2025-08-20 14,,,,,,,,
2025-08-20 15,,,,,,,,
2025-08-20 20,,,,,,,,
2025-08-20 21,,,,,,,,
2025-08-21 02,,,,,,,,
2025-08-21 03,,,,,,,,
2025-08-21 13,,,,,,,,
2025-08-21 14,,,,,,,,
2025-08-21 16,,,,,,,,
2025-08-21 17,,,,,,,,
2025-08-21 21,,,,,,,,
2025-08-21 22,,,,,,,,
2025-08-22 06,,,,,,,,
2025-08-22 07,,,,,,,,
2025-08-22 10,,,,,,,,
2025-08-22 11,,,,,,,,
2025-08-22 16,,,,,,,,
2025-08-22 17,,,,,,,,
2025-08-25 09,,,,,,,,
2025-08-25 10,,,,,,,,
2025-08-25 21,,,,,,,,
2025-08-25 22,,,,,,,,
2025-08-26 00,,,,,,,,
2025-08-26 01,,,,,,,,
2025-08-26 07,,,,,,,,
2025-08-26 08,,,,,,,,
2025-08-26 12,,,,,,,,
2025-08-26 13,,,,,,,,
2025-08-26 16,,,,,,,,
2025-08-26 17,,,,,,,,
2025-08-26 21,,,,,,,,
2025-08-26 22,,,,,,,,
2025-08-27 07,,,,,,,,
2025-08-27 08,,,,,,,,
2025-08-27 10,,,,,,,,
2025-08-27 11,,,,,,,,
2025-08-27 16,,,,,,,,
2025-08-27 17,,,,,,,,
2025-08-27 20,,,,,,,,
2025-08-27 21,,,,,,,,
2025-08-28 05,,,,,,,,
2025-08-28 06,,,,,,,,
2025-08-28 11,,,,,,,,
2025-08-28 12,,,,,,,,
2025-08-28 17,,,,,,,,
2025-08-28 18,,,,,,,,
2025-08-28 21,,,,,,,,
2025-08-28 22,,,,,,,,
2025-08-29 02,,,,,,,,
2025-08-29 03,,,,,,,,
2025-08-29 09,,,,,,,,
2025-08-29 10,,,,,,,,
2025-08-29 13,,,,,,,,
2025-08-29 14,,,,,,,,
2025-09-01 03,,,,,,,,
2025-09-01 04,,,,,,,,
2025-09-01 20,,,,,,,,
2025-09-01 21,,,,,,,,
2025-09-02 14,,,,,,,,
2025-09-02 15,,,,,,,,
2025-09-02 21,,,,,,,,
2025-09-02 22,,,,,,,,
2025-09-03 05,,,,,,,,
2025-09-03 06,,,,,,,,
2025-09-03 20,,,,,,,,
2025-09-03 21,,,,,,,,
2025-09-04 01,,,,,,,,
2025-09-04 02,,,,,,,,
2025-09-04 11,,,,,,,,
2025-09-04 12,,,,,,,,
2025-09-04 21,,,,,,,,
2025-09-04 22,,,,,,,,
2025-09-05 01,,,,,,,,
2025-09-05 02,,,,,,,,
2025-09-05 14,,,,,,,,
2025-09-05 15,,,,,,,,
2025-09-05 20,,,,,,,,
2025-09-08 00,,,,,,,,
2025-09-08 02,,,,,,,,
2025-09-08 03,,,,,,,,
2025-09-08 07,,,,,,,,
2025-09-08 08,,,,,,,,
2025-09-08 15,,,,,,,,
2025-09-08 16,,,,,,,,
2025-09-08 19,,,,,,,,
2025-09-08 20,,,,,,,,
2025-09-08 23,,,,,,,,
2025-09-09 00,,,,,,,,
2025-09-09 09,,,,,,,,
2025-09-09 10,,,,,,,,
2025-09-09 13,,,,,,,,
2025-09-09 14,,,,,,,,
2025-09-09 21,,,,,,,,
2025-09-09 22,,,,,,,,
2025-09-10 06,,,,,,,,
2025-09-10 07,,,,,,,,
2025-09-10 12,,,,,,,,
2025-09-10 13,,,,,,,,
2025-09-10 17,,,,,,,,
2025-09-10 18,,,,,,,,
2025-09-10 20,,,,,,,,
2025-09-10 21,,,,,,,,
2025-09-11 01,,,,,,,,
2025-09-11 02,,,,,,,,
2025-09-11 04,,,,,,,,
2025-09-11 05,,,,,,,,
2025-09-11 14,,,,,,,,
2025-09-11 15,,,,,,,,
2025-09-11 20,,,,,,,,
2025-09-11 21,,,,,,,,
2025-09-12 00,,,,,,,,
2025-09-12 01,,,,,,,,
2025-09-12 05,,,,,,,,
2025-09-12 06,,,,,,,,
2025-09-12 13,,,,,,,,
2025-09-12 14,,,,,,,,
2025-09-12 17,,,,,,,,
2025-09-12 18,,,,,,,,
2025-09-15 00,,,,,,,,
2025-09-15 01,,,,,,,,
2025-09-15 03,,,,,,,,
2025-09-15 04,,,,,,,,
2025-09-15 14,,,,,,,,
2025-09-15 15,,,,,,,,
2025-09-15 17,,,,,,,,
2025-09-15 18,,,,,,,,
2025-09-15 21,,,,,,,,
2025-09-15 22,,,,,,,,
2025-09-16 07,,,,,,,,
2025-09-16 08,,,,,,,,
2025-09-16 16,,,,,,,,
2025-09-16 17,,,,,,,,
2025-09-16 23,,,,,,,,
2025-09-17 00,,,,,,,,
2025-09-17 04,,,,,,,,
2025-09-17 05,,,,,,,,
2025-09-17 10,,,,,,,,
2025-09-17 11,,,,,,,,
2025-09-17 17,,,,,,,,
2025-09-17 18,,,,,,,,
2025-09-17 22,,,,,,,,
2025-09-17 23,,,,,,,,
2025-09-18 18,,,,,,,,
2025-09-18 19,,,,,,,,
2025-09-18 20,,,,,,,,
2025-09-18 21,,,,,,,,
2025-09-19 06,,,,,,,,
2025-09-19 07,,,,,,,,
2025-09-19 15,,,,,,,,
2025-09-19 16,,,,,,,,
2025-09-19 19,,,,,,,,
2025-09-19 20,,,,,,,,
2025-09-22 06,,,,,,,,
2025-09-22 07,,,,,,,,
2025-09-22 11,,,,,,,,
2025-09-22 12,,,,,,,,
2025-09-22 14,,,,,,,,
2025-09-22 15,,,,,,,,
2025-09-22 20,,,,,,,,
2025-09-22 21,,,,,,,,
2025-09-23 01,,,,,,,,
2025-09-23 02,,,,,,,,
2025-09-23 08,,,,,,,,
2025-09-23 09,,,,,,,,
2025-09-23 13,,,,,,,,
2025-09-23 14,,,,,,,,
2025-09-23 17,,,,,,,,
2025-09-23 18,,,,,,,,
2025-09-23 21,,,,,,,,
2025-09-23 22,,,,,,,,
2025-09-24 07,,,,,,,,
2025-09-24 08,,,,,,,,
2025-09-24 13,,,,,,,,
2025-09-24 14,,,,,,,,
2025-09-25 00,,,,,,,,
2025-09-25 01,,,,,,,,
2025-09-25 07,,,,,,,,
2025-09-25 08,,,,,,,,
2025-09-25 12,,,,,,,,
2025-09-25 13,,,,,,,,
2025-09-25 17,,,,,,,,
2025-09-25 18,,,,,,,,
2025-09-25 21,,,,,,,,
2025-09-25 22,,,,,,,,
2025-09-26 00,,,,,,,,
2025-09-26 01,,,,,,,,
2025-09-26 04,,,,,,,,
2025-09-26 05,,,,,,,,
2025-09-26 11,,,,,,,,
2025-09-26 12,,,,,,,,
2025-09-29 08,,,,,,,,
2025-09-29 09,,,,,,,,
2025-09-29 14,,,,,,,,
2025-09-29 15,,,,,,,,
2025-09-29 20,,,,,,,,
2025-09-29 21,,,,,,,,
2025-09-30 08,,,,,,,,
2025-09-30 09,,,,,,,,
2025-09-30 13,,,,,,,,
2025-09-30 14,,,,,,,,
2025-09-30 20,,,,,,,,
2025-09-30 21,,,,,,,,
2025-10-01 07,,,,,,,,
2025-10-01 08,,,,,,,,
2025-10-01 11,,,,,,,,
2025-10-01 12,,,,,,,,
2025-10-01 20,,,,,,,,
2025-10-01 21,,,,,,,,
2025-10-02 01,,,,,,,,
2025-10-02 02,,,,,,,,
2025-10-02 05,,,,,,,,
2025-10-02 06,,,,,,,,
2025-10-02 10,,,,,,,,
2025-10-02 11,,,,,,,,
2025-10-02 14,,,,,,,,
2025-10-02 15,,,,,,,,
2025-10-02 21,,,,,,,,
2025-10-02 22,,,,,,,,
2025-10-03 04,,,,,,,,
2025-10-03 05,,,,,,,,
2025-10-03 11,,,,,,,,
2025-10-03 12,,,,,,,,
2025-10-06 06,,,,,,,,
2025-10-06 07,,,,,,,,
2025-10-06 12,,,,,,,,
2025-10-06 13,,,,,,,,
2025-10-06 21,,,,,,,,
2025-10-06 22,,,,,,,,
2025-10-07 07,,,,,,,,
2025-10-07 08,,,,,,,,
2025-10-07 07,,,,,,,,
2025-10-07 08,,,,,,,,
2025-10-07 11,,,,,,,,
2025-10-07 12,,,,,,,,
2025-10-07 22,,,,,,,,
2025-10-07 23,,,,,,,,
2025-10-08 06,,,,,,,,
2025-10-08 07,,,,,,,,
2025-10-08 15,,,,,,,,
2025-10-08 16,,,,,,,,
